ZCTA,Total_Population,Male_Under_5,Male_5_to_9,Male_10_to_14,Male_15_to_17,Male_18_to_19,Male_22_to_24,Male_25_to_29,Male_30_to_34,Male_35_to_39,Male_40_to_44,Male_45_to_49,Male_50_to_54,Male_55_to_59,Male_60_to_61,Male_62_to_64,Male_65_to_66,Male_67_to_69,Male_70_to_74,Male_75_to_79,Male_80_to_84,Male_85_plus,Female_Under_5,Female_5_to_9,Female_10_to_14,Female_15_to_17,Female_18_to_19,Female_22_to_24,Female_25_to_29,Female_30_to_34,Female_35_to_39,Female_40_to_44,Female_45_to_49,Female_50_to_54,Female_55_to_59,Female_60_to_61,Female_62_to_64,Female_65_to_66,Female_67_to_69,Female_70_to_74,Female_75_to_79,Female_80_to_84,Female_85_plus,Total_Race,White_Alone,Black_Alone,AI_AN_Alone,Asian_Alone,NHPI_Alone,Other_Race_Alone,Two_or_More_Races,Total_Ethnicity,Not_Hispanic,Hispanic_Latino,Total_Education,Male_Less_9th,Male_Some_HS,Male_HS_Grad,Male_Some_College,Male_Associates,Male_Bachelors,Male_Graduate,Female_Less_9th,Female_Some_HS,Female_HS_Grad,Female_Some_College,Female_Associates,Female_Bachelors,Female_Graduate,Total_Employment,In_Labor_Force,Civilian_Labor_Force,Employed,Unemployed,Armed_Forces,Not_in_Labor_Force,Median_Household_Income,Per_Capita_Income,Total_Households,Population_Under_18,Population_18_to_64,Population_65_plus,Working_Age_25_54,Less_than_HS,HS_Grad_or_Equivalent,Some_College,Associates_Degree,Bachelors_or_Higher,Labor_Force_Participation_Rate,Unemployment_Rate,Pct_White,Pct_Black,Pct_Asian,Pct_Hispanic
75001,16633,413,239,245,79,115,529,1370,1339,834,609,635,591,244,81,258,237,118,98,30,74,41,323,252,229,128,108,633,1481,922,763,644,568,331,454,135,226,207,185,346,97,39,48,16633,9243,2949,101,1226,0,1187,1927,16633,12110,4523,13005,6559,16,0,0,99,191,17,22,53,782,264,977,330,2778,14872,12188,12149,11749,400,39,2684,77598.0,55053.0,9355,1908,12870,1520,10087,6650,782,264,1076,3316,81.95,3.29,55.57,17.73,7.37,27.19
75002,72679,2156,2990,2875,2160,1292,941,1872,2038,1714,2770,3187,3172,2970,1356,865,892,602,1089,492,261,235,1865,2350,3057,1481,1123,1318,1991,1513,2148,2349,3697,2481,2887,643,1140,643,842,1027,894,454,459,72679,45714,9462,504,7663,0,1930,7406,72679,63287,9392,46683,23515,168,82,194,71,40,179,135,201,3200,1010,2982,1829,8790,56113,37774,37745,36013,1732,29,18339,119301.0,49655.0,22731,18934,43467,7890,28932,24019,3282,1204,3053,10838,67.32,4.59,62.9,13.02,10.54,12.92
75006,48062,1689,1392,1535,995,660,1283,2097,1758,1820,1900,1480,1642,1422,485,486,499,557,777,726,242,226,1237,1562,1433,895,418,933,1999,1783,2204,1360,1654,1408,1381,631,857,505,690,868,885,338,306,48062,31228,4361,112,3409,2,2836,6114,48062,24862,23200,32986,16117,306,128,894,381,264,181,268,319,3892,870,2325,814,3830,38515,28406,28361,27304,1057,45,10109,79672.0,41217.0,18491,10738,29661,6619,21105,17010,4020,1764,2706,5089,73.75,3.73,64.97,9.07,7.09,48.27
75007,54498,1050,1094,1637,1244,732,1127,2158,1813,2523,1819,1962,1866,2310,734,1319,560,644,1024,567,531,118,1074,963,1631,1129,648,977,1621,1967,2059,1786,2182,2077,2415,1085,928,571,1021,952,645,484,264,54498,30318,4460,281,8755,408,2207,8069,54498,39506,14992,40005,19948,643,64,370,15,140,157,117,295,3929,1177,2795,1564,5902,46340,33706,33706,32491,1215,0,12634,105969.0,47625.0,20170,9822,36108,7381,23833,21003,3993,1547,2810,7763,72.74,3.6,55.63,8.18,16.06,27.51
75009,28109,1011,1280,1332,742,356,221,749,1044,1350,1572,656,688,689,822,183,209,383,743,299,244,8,791,1047,1177,1013,235,303,463,874,1608,1195,693,865,549,180,150,185,646,588,227,131,76,28109,21012,1554,183,1528,61,355,3416,28109,23438,4671,18069,9639,21,0,412,69,0,15,1,140,1649,627,1428,840,3269,20895,14164,14132,13433,699,32,6731,153658.0,53193.0,8507,8393,15445,3739,11757,9801,1649,1039,1497,4124,67.79,4.95,74.75,5.53,5.44,16.62
75010,31609,1056,618,1092,535,319,517,1365,1448,908,1300,1124,1202,895,325,369,306,251,361,127,86,192,775,755,870,508,354,557,1085,1778,1617,1210,1521,1307,1286,337,649,256,341,413,171,269,461,31609,14963,4988,121,8497,39,957,2044,31609,26935,4674,22960,10259,128,16,30,0,20,50,19,225,1298,533,1588,842,3732,26220,20110,20110,19280,830,0,6110,98567.0,53892.0,12616,6209,21473,3234,15865,10631,1314,563,1588,4644,76.7,4.13,47.34,15.78,26.88,14.79
75013,46649,936,2045,1823,1141,790,965,1387,1372,1429,1792,2277,1648,1897,433,721,351,371,542,187,496,199,1037,1791,2333,847,653,434,1284,991,2565,1939,2005,2183,1574,431,513,440,468,535,603,321,144,46649,25684,3326,14,13920,11,997,2697,46649,42373,4276,31098,15102,77,0,12,36,30,0,68,192,1490,417,2018,813,5054,36020,26806,26802,25886,916,4,9214,149549.0,63196.0,16562,11953,29283,4657,20872,15439,1490,429,2054,5897,74.42,3.42,55.06,7.13,29.84,9.17
75019,44706,1414,1844,2134,1023,355,637,1023,1396,1572,1828,2061,1883,1478,716,930,364,666,500,227,162,70,1293,1534,1740,1266,494,580,1049,1385,2143,1935,1903,1675,1515,690,590,603,427,449,330,241,189,44706,24246,2387,171,13956,59,827,3060,44706,38449,6257,30000,14876,124,61,78,0,7,28,0,101,1243,435,1594,621,5768,34092,25447,25447,24985,462,0,8645,136679.0,70569.0,16923,12248,27838,4228,19853,15101,1304,513,1594,6424,74.64,1.82,54.23,5.34,31.22,14.0
75022,27000,780,762,1475,810,542,594,419,456,561,995,1102,1547,1536,448,426,140,395,420,207,67,173,691,865,1028,1049,220,347,499,505,753,990,1142,1309,1345,271,368,301,233,345,266,113,81,27000,19275,759,52,4253,0,1348,1313,27000,23342,3658,17413,8892,150,0,93,70,0,37,0,40,782,198,729,393,3996,20989,14378,14378,13920,458,0,6611,179892.0,73522.0,9029,7460,16375,2741,10278,9082,782,291,799,4426,68.5,3.19,71.39,2.81,15.75,13.55
75023,49376,1152,1429,1222,706,460,1086,1839,2023,1922,1939,1517,1663,1716,387,948,540,803,956,534,315,198,1604,1263,1476,971,644,1190,1861,1696,1814,1217,1420,1661,1671,775,1265,640,814,1012,657,518,466,49376,31920,4436,100,6526,0,1515,4879,49376,41675,7701,34787,17300,348,57,95,58,111,78,122,230,2327,905,2558,1361,6038,40584,28770,28734,27518,1216,36,11814,101246.0,47033.0,18408,9823,30714,7453,20572,18000,2384,1000,2616,7588,70.89,4.23,64.65,8.98,13.22,15.6
75024,43520,1174,1239,1551,983,279,842,1717,1804,1913,2002,1503,2013,1233,498,598,443,359,493,243,118,193,1046,1244,1311,787,539,1230,1900,1948,1595,1543,2076,1663,1422,497,655,392,343,457,347,157,286,43520,19137,4123,182,15992,8,1268,2810,43520,40166,3354,30411,15130,93,0,12,23,11,32,0,62,1080,351,1262,745,6221,35098,25872,25856,24662,1194,16,9226,114623.0,67014.0,17915,9335,29470,3831,21677,15285,1080,363,1285,7009,73.71,4.62,43.97,9.47,36.75,7.71
75025,54201,1541,1929,1891,1550,759,899,1237,1533,1484,2130,2567,2164,1894,1050,892,359,676,524,529,245,165,1344,1915,2143,1212,820,885,1102,1550,2007,2796,1975,2234,2389,610,842,431,679,891,501,287,463,54201,24467,5335,116,19356,95,788,4044,54201,48827,5374,36206,17449,182,0,93,47,11,71,47,43,2108,541,1689,775,5795,42382,29775,29775,28094,1681,0,12607,134740.0,56605.0,18492,13525,33819,5750,22779,17721,2108,634,1736,6652,70.25,5.65,45.14,9.84,35.71,9.91
75028,47751,1202,1722,2301,1173,685,565,846,1064,1516,1857,1906,2065,2309,725,1206,417,595,840,339,174,123,879,1704,1969,1243,360,496,761,1224,1427,2201,2063,2268,2130,574,721,884,646,757,483,316,325,47751,35554,1716,223,5683,2,897,3676,47751,42673,5078,32762,15982,133,0,0,46,5,61,11,90,1601,937,1855,864,6985,37126,27080,27080,25958,1122,0,10046,143712.0,61401.0,17404,12193,28969,5899,19198,16216,1601,937,1901,7915,72.94,4.14,74.46,3.59,11.9,10.63
75032,36514,1247,1354,1469,858,725,537,673,1106,1138,1434,1350,1394,1254,499,477,300,368,480,367,126,269,986,1133,1426,1164,400,487,584,1119,1362,1368,1553,1607,1281,459,615,249,543,444,640,338,275,36514,28371,3186,72,981,8,1222,2674,36514,30334,6180,23672,11235,67,94,163,69,32,76,9,61,2147,612,1646,753,3315,28210,19217,19217,18671,546,0,8993,132756.0,59275.0,12283,9637,21422,4399,14688,11372,2241,775,1715,4176,68.12,2.84,77.7,8.73,2.69,16.93
75033,47416,1380,1789,2394,2211,814,691,1034,978,1358,2452,2829,2087,1492,301,288,191,390,277,351,124,25,1393,2127,2555,1647,595,867,501,1153,1869,2615,2664,1810,1091,316,279,244,413,344,425,182,170,47416,29928,5339,12,6014,0,1435,4688,47416,40901,6515,28253,14177,148,0,48,44,19,30,20,86,1441,619,1714,892,5848,34387,25148,25131,23973,1158,17,9239,165218.0,64437.0,15042,15496,28084,3136,21350,14431,1441,667,1758,6789,73.13,4.61,63.12,11.26,12.68,13.74
75034,48749,1300,1530,1310,1232,815,1047,1850,1881,2086,1791,2217,1782,1166,428,564,444,292,379,358,239,193,1372,1669,1261,900,218,1530,2657,2037,2100,1740,2173,1737,1152,471,849,178,353,667,562,347,513,48749,29098,4555,219,9028,48,1270,4531,48749,41637,7112,33206,15670,164,14,129,82,0,16,132,118,1451,492,1521,864,5755,39501,29196,29155,28271,884,41,10305,104323.0,67220.0,20853,10574,32291,4525,24051,16084,1465,621,1603,6635,73.91,3.03,59.69,9.34,18.52,14.59
75035,83930,3154,3237,4476,2444,1295,1212,1327,2191,3227,4226,5234,3369,2111,584,751,412,410,858,376,368,123,1919,3463,3955,2748,1149,1051,1460,2172,4309,4723,4693,2293,2101,513,806,463,898,1359,479,659,306,83930,37307,7423,317,29134,0,2389,7360,83930,73406,10524,52801,25567,169,0,4,60,3,74,5,178,2255,1163,2521,1317,9756,62098,45394,45355,43462,1893,39,16704,154811.0,59648.0,26920,25396,50797,6711,39224,25919,2255,1167,2581,11150,73.1,4.17,44.45,8.84,34.71,12.54
75036,31792,775,1541,1693,685,258,268,358,730,1200,1619,1407,845,913,334,340,535,332,835,637,188,174,789,1116,1269,587,207,535,756,789,1396,1757,951,1127,866,329,460,308,211,960,847,452,71,31792,17929,2567,49,8815,109,636,1687,31792,28547,3245,21727,10447,11,16,13,42,91,0,0,152,1329,746,624,533,3733,24117,15877,15869,15239,630,8,8240,137902.0,60597.0,11343,8455,17445,5550,12935,10610,1345,759,666,4357,65.83,3.97,56.39,8.07,27.73,10.21
75038,32559,1648,1021,833,461,425,584,1895,2137,1798,1569,916,862,702,155,250,106,158,500,75,44,96,1556,1157,583,301,268,913,2148,1958,1548,628,948,981,717,182,301,149,300,495,207,149,203,32559,9849,10693,102,9524,15,953,1423,32559,26823,5736,22177,11263,131,10,27,194,67,17,19,125,2145,557,1896,728,3113,25521,19815,19815,19091,724,0,5706,69678.0,43364.0,13716,7560,21885,2482,17388,11538,2155,584,2090,3925,77.64,3.65,30.25,32.84,29.25,17.62
75039,21795,887,542,360,179,88,556,1801,1719,1533,1111,732,535,487,159,120,274,101,186,38,19,0,704,617,129,76,25,372,2229,1678,1044,705,673,315,589,211,158,269,136,120,86,17,0,21795,8639,2719,68,7962,60,490,1857,21795,18454,3341,17045,8815,0,25,0,43,0,0,47,0,559,253,773,575,3377,18499,15170,15123,14696,427,47,3329,100474.0,70913.0,11306,3494,16840,1246,14075,8862,584,253,816,3952,82.0,2.82,39.64,12.48,36.53,15.33
75040,63143,2229,2209,3017,1385,1177,1618,2106,1996,2088,2002,1739,1710,2303,855,946,598,649,838,978,335,95,1336,2129,2325,1365,783,1080,2245,2160,2199,1854,2059,2148,2189,872,957,672,596,1618,898,609,316,63143,27637,7883,448,7697,0,4895,14583,63143,31948,31195,40630,19238,800,432,1086,759,765,503,397,509,4989,958,2574,1571,2652,48901,33418,33412,31886,1526,6,15483,70592.0,28290.0,20062,15995,37086,8202,24306,20944,5421,2044,3333,5491,68.34,4.57,43.77,12.48,12.19,49.4
75041,31344,1416,1199,1329,570,695,888,1339,1344,1031,952,1147,866,859,221,453,226,220,431,136,91,95,793,1381,1430,589,404,1226,991,825,920,710,980,1103,680,193,480,248,427,471,286,344,251,31344,14975,1860,299,813,0,4784,8613,31344,9100,22244,18320,9411,434,197,635,426,699,486,307,198,2622,494,1232,356,1032,23518,16047,16047,15402,645,0,7471,62744.0,27092.0,9728,8707,18307,3226,12208,10350,2819,1129,1658,2573,68.23,4.02,47.78,5.93,2.59,70.97
75042,37925,1125,1494,1740,972,471,858,1230,1279,1262,1270,1104,1416,1171,310,573,352,532,397,252,261,132,1132,1749,1736,1015,586,942,1228,1390,1095,1099,1537,900,1061,491,650,168,259,478,423,280,236,37925,15851,5015,396,5593,0,3109,7961,37925,17827,20098,22836,11541,675,415,473,392,328,525,283,332,3015,597,1682,777,1469,28314,19390,19373,18408,965,17,8924,60118.0,24020.0,11471,10963,21923,3770,14810,12831,3430,1070,2074,3099,68.48,4.98,41.8,13.22,14.75,52.99
75043,64296,2063,1661,2376,2198,667,1573,1970,2556,1764,1790,1938,1916,2072,1110,1057,572,605,1153,536,323,289,1744,2591,2556,1268,1356,1501,1928,2360,2234,2030,1766,2178,2397,949,1044,596,987,1211,876,510,541,64296,27875,14692,526,4281,7,5175,11740,64296,41710,22586,41258,19651,602,281,407,176,390,340,610,794,5148,1402,3189,1784,2887,50531,34582,34537,32322,2215,45,15949,72079.0,30227.0,22026,16457,38156,8199,24430,21657,5429,1809,3365,5401,68.44,6.41,43.35,22.85,6.66,35.13
75044,47010,1494,1644,1335,845,369,1165,2252,1397,1524,1390,1316,1111,1437,840,825,456,666,749,722,217,294,1778,1501,1438,776,428,1645,2098,1429,1282,1475,1321,1464,1915,668,888,814,758,1155,424,298,234,47010,20894,8490,108,8187,66,1692,7573,47010,34630,12380,31419,15196,487,60,218,157,114,51,67,324,3755,920,2234,1080,3493,37138,26273,26273,24905,1368,0,10865,84016.0,39440.0,16357,10811,28239,6787,18059,16074,3815,1138,2391,4738,70.74,5.21,44.45,18.06,17.42,26.33
75048,28210,583,779,890,493,541,341,830,670,1052,992,1034,1368,1089,382,428,306,141,497,74,352,84,738,1001,1200,756,426,667,566,927,945,1168,1625,1091,729,638,232,347,283,718,427,207,92,28210,16073,3401,345,5318,67,768,2238,28210,25470,2740,19294,9299,108,0,0,6,93,34,143,61,1909,483,1426,770,2771,22726,16460,16460,15625,835,0,6266,126792.0,56161.0,9725,6440,17741,3528,12268,9611,1909,483,1432,3668,72.43,5.07,56.98,12.06,18.85,9.71
75050,43856,1543,1327,1548,939,693,998,2503,1553,1189,1376,1202,1447,1159,573,514,610,498,489,366,204,420,1416,1886,1416,746,531,1373,2305,1650,1247,1382,1502,1233,1255,539,573,212,320,730,341,329,318,43856,20201,8499,389,732,36,8898,5101,43856,19137,24719,28039,14103,441,272,732,405,640,96,228,326,4859,721,1902,539,2074,34255,24805,24776,23506,1270,29,9450,68421.0,31609.0,16155,10821,26797,4837,18589,15098,5131,1453,2307,3349,72.41,5.13,46.06,19.38,1.67,56.36
75051,40166,1447,1705,1869,684,526,1042,1308,1405,1172,1526,1199,1083,1114,318,326,213,357,566,325,95,158,1232,1855,1449,1444,654,950,1591,1392,1316,1189,1430,1267,775,374,851,458,529,596,328,263,490,40166,17508,5090,174,876,0,9065,7453,40166,12157,28009,24014,11165,814,373,856,496,617,302,374,474,3347,627,1018,598,991,29861,19345,19311,18272,1039,34,10516,49485.0,21778.0,13290,11685,22808,4378,15878,12827,3720,1483,1514,2508,64.78,5.38,43.59,12.67,2.18,69.73
75052,94636,2933,3007,4345,2796,1744,1781,3185,2757,3202,3474,3166,2596,2950,1213,1463,701,993,1110,696,345,384,2641,3477,4057,2776,1099,1735,3590,3219,3657,3906,3015,2545,3391,1273,1525,1233,1287,1508,534,406,546,94636,33405,26728,398,9248,24,11869,12964,94636,57307,37329,59870,28235,894,36,379,508,401,471,428,809,7747,2096,4159,2756,5288,72259,51609,51552,48810,2742,57,20650,84055.0,33975.0,30996,26032,56486,9743,38312,30366,7783,2475,4667,8916,71.42,5.32,35.3,28.24,9.77,39.44
75054,17261,427,947,1285,733,136,144,182,322,780,622,807,715,665,109,212,107,172,86,72,2,20,517,543,663,850,102,215,487,387,882,665,915,962,260,164,194,77,230,155,24,26,158,17261,6574,5903,108,2573,0,337,1766,17261,14622,2639,10459,4873,4,0,47,0,55,0,0,18,426,264,547,428,1868,12496,8719,8705,8500,205,14,3777,154412.0,51396.0,4941,5965,9927,1129,7726,4895,426,311,547,2351,69.77,2.35,38.09,34.2,14.91,15.29
75056,65785,2086,1674,1913,1175,769,903,3070,2717,2557,2521,2748,2897,2250,742,1138,614,543,507,556,178,89,2437,1636,1843,1214,306,1614,3502,3133,2918,2228,2910,2329,2330,660,1037,332,571,925,613,266,359,65785,37703,6414,307,10780,0,2873,7708,65785,53039,12746,47240,23127,154,113,31,60,184,91,152,225,3699,1773,2766,2049,7930,53437,41742,41742,40125,1617,0,11695,111589.0,58038.0,26243,13978,45279,5553,33530,23658,3812,1804,2826,10254,78.11,3.87,57.31,9.75,16.39,19.38
75057,17280,753,550,717,216,109,535,942,873,611,536,382,495,458,197,329,171,72,50,83,62,59,764,664,915,275,181,471,771,979,743,505,380,459,554,133,156,180,83,159,140,118,120,17280,10550,2004,108,428,0,840,3350,17280,9718,7562,10800,5320,356,44,116,240,112,154,106,132,1308,338,602,316,1093,12797,9824,9750,9441,309,74,2973,73935.0,34169.0,6583,4854,10799,1297,7676,5914,1352,454,842,1675,76.77,3.17,61.05,11.6,2.48,43.76
75060,48997,2066,1970,1485,1127,1256,955,1628,1499,1427,1744,1535,1399,1215,676,705,1047,483,502,204,351,140,2093,1714,2228,1474,837,992,1453,1675,1382,1790,1309,1638,1456,425,1107,468,483,570,437,639,186,48997,21501,2258,352,3189,0,13194,8503,48997,15234,33763,29573,14555,658,571,1208,954,1501,355,277,447,3418,654,1346,489,1898,36650,24339,24339,23155,1184,0,12311,67479.0,25648.0,14516,14157,28103,5510,18479,15937,3989,1862,2300,4243,66.41,4.86,43.88,4.61,6.51,68.91
75061,56319,2195,2056,2477,1295,724,1545,2311,2406,2131,2441,1841,1574,1544,665,664,459,447,559,349,177,118,2245,1971,2446,1341,689,1503,2050,1820,2002,1844,1776,1973,1189,443,611,340,485,680,445,359,492,56319,24699,4594,431,2473,24,15591,8507,56319,16586,39733,34195,17686,847,718,1332,978,1420,383,383,636,4744,835,1603,984,2074,42043,30445,30445,29037,1408,0,11598,58236.0,24995.0,18697,16026,33746,4910,24169,19552,5462,2167,2581,4861,72.41,4.62,43.86,8.16,4.39,70.55
75062,52772,2081,1958,2093,1508,947,1213,2410,2035,1593,2222,1691,2072,1153,519,648,302,275,544,362,343,80,1905,1925,1916,842,545,1346,2233,2543,1433,1798,1739,1406,1263,403,677,294,301,1013,312,239,266,52772,22006,7602,92,7563,4,8665,6840,52772,26602,26170,32169,16249,776,1051,693,286,744,221,297,322,3157,792,1514,1281,3551,40100,29070,29070,27919,1151,0,11030,68692.0,29906.0,17665,14228,31889,4331,23175,17644,4208,1485,1800,5797,72.49,3.96,41.7,14.41,14.33,49.59
75063,44570,2230,1913,1503,1105,412,548,1808,2380,2207,2094,1763,1307,1408,267,396,121,349,322,213,197,126,1623,1549,1445,744,485,769,1961,2280,2395,2211,1376,1318,1129,223,450,304,270,423,217,98,152,44570,9816,5831,218,26082,59,524,2040,44570,41343,3227,29765,14958,107,0,0,56,0,89,47,86,1124,468,1367,560,5674,33787,24319,24127,23197,930,192,9468,106909.0,52199.0,17497,12112,29187,2792,23100,15198,1124,468,1423,6323,71.98,3.85,22.02,13.08,58.52,7.24
75065,12787,231,243,252,162,572,292,262,570,462,476,457,630,345,39,212,246,227,212,55,20,5,274,466,658,331,148,314,420,297,491,667,442,559,579,95,440,114,51,124,56,95,16,12787,10591,450,171,295,0,82,1198,12787,9332,3455,8664,4218,10,0,42,48,451,18,47,48,781,475,428,374,1251,10412,7986,7986,7772,214,0,2426,95403.0,42057.0,4646,2617,8769,1221,5733,4323,781,517,476,2094,76.7,2.68,82.83,3.52,2.31,27.02
75067,67117,2270,1975,1886,1168,806,1137,3835,3138,2814,2868,2099,2047,1916,663,622,482,284,639,420,224,295,2220,2212,1931,1464,699,1486,3558,3414,2522,2820,2434,2219,2235,516,851,469,541,1049,563,481,507,67117,36411,9764,518,7404,48,4988,7984,67117,45460,21657,46525,22346,855,157,456,292,384,383,267,462,4785,1914,3143,1743,5207,53691,41303,41275,39700,1575,28,12388,75224.0,38241.0,27074,15126,44699,5954,33768,23930,4942,2370,3435,7717,76.93,3.82,54.25,14.55,11.03,32.27
75068,68074,2714,2598,3944,1664,693,644,1501,2838,3140,3926,2631,1857,1448,574,993,198,681,714,592,107,59,2074,2560,3108,1764,514,874,1601,3350,3953,3393,2173,1891,1886,679,520,639,574,860,512,201,214,68074,35822,13037,781,7053,48,2440,8893,68074,53188,14886,43705,21259,339,36,20,197,209,235,366,309,3872,1611,2668,2540,6044,49784,36738,36738,35042,1696,0,13046,119464.0,44684.0,21699,20426,41079,5351,32254,22273,3908,1631,2865,9028,73.79,4.62,52.62,19.15,10.36,21.87
75069,39048,609,1166,1629,751,874,1021,993,1260,1092,1497,1019,1147,1310,526,451,426,538,653,666,305,200,1150,1007,1319,1095,612,635,1191,1367,918,1340,1306,1161,1330,477,601,488,611,1229,665,580,744,39048,28950,4218,115,919,15,1018,3813,39048,27019,12029,26091,12083,175,94,779,123,82,99,182,126,2659,672,1491,897,2898,31521,19642,19633,19194,439,9,11879,74967.0,43389.0,15279,8726,22128,7105,14291,12566,2753,1451,1614,3976,62.31,2.24,74.14,10.8,2.35,30.81
75070,57516,1694,2638,2020,1447,709,1211,1395,1652,2367,3242,2188,1813,1685,438,543,321,744,472,560,127,408,1971,1915,2168,1283,985,1642,1860,2163,2519,3351,1991,1700,1316,582,686,378,427,575,554,437,253,57516,33377,7739,354,10994,9,825,4218,57516,49896,7620,36747,17955,105,20,13,0,28,65,0,100,2462,1068,2035,1316,6802,44014,32476,32470,31111,1359,6,11538,101188.0,49159.0,21648,15136,36038,5256,26241,18160,2482,1081,2035,8211,73.79,4.19,58.03,13.46,19.11,13.25
75071,66298,2492,2737,2784,1289,1299,675,1710,2248,3186,3069,3018,2385,1792,760,800,475,489,1007,498,304,207,1986,2702,2797,1461,730,569,1522,2240,2705,2542,2290,2395,1922,809,1019,553,1000,936,699,580,561,66298,42848,8529,517,6289,110,1408,6597,66298,55582,10716,43721,21948,166,42,336,220,75,196,165,126,3458,1160,2943,2002,7400,49805,34536,34529,33129,1400,7,15269,124763.0,51262.0,21977,18248,39685,7309,29310,22405,3500,1496,3163,9673,69.34,4.05,64.63,12.86,9.49,16.16
75072,55304,1748,2265,3085,1611,795,751,821,1245,2088,2568,2604,2131,2011,758,465,266,658,840,419,363,308,1469,2372,2862,1265,581,489,885,1122,2507,2663,2020,2164,1758,515,626,319,697,934,551,479,270,55304,38640,4265,115,6127,12,1212,4933,55304,48873,6431,35055,17545,32,33,79,11,115,78,22,23,1607,900,1888,1748,7189,40381,28227,28227,27155,1072,0,12154,147321.0,57086.0,17785,16677,31567,6104,22818,17622,1640,979,1899,9130,69.9,3.8,69.87,7.71,11.08,11.63
75074,51443,1568,1684,2124,1046,969,1374,2027,2175,2006,2178,1338,1377,2188,483,730,375,445,606,343,284,115,1726,1189,1576,1150,687,1278,1995,1951,1740,1914,1360,1574,1701,671,655,581,583,954,446,224,479,51443,27246,5513,167,6834,38,3789,7856,51443,33278,18165,33498,16670,546,394,699,253,430,139,48,245,2555,521,2098,1380,4482,40981,28308,28308,27146,1162,0,12673,78441.0,38148.0,17979,12063,32371,5435,21635,17509,2949,1220,2351,6431,69.08,4.1,52.96,10.72,13.28,35.31
75075,37032,964,1029,981,510,582,871,1174,1198,1418,1711,844,1039,980,591,605,278,802,1067,543,489,338,1020,927,996,393,380,480,1051,1402,1298,1236,1237,1070,1235,489,518,365,792,1056,684,813,507,37032,25778,2359,28,4972,0,721,3174,37032,31722,5310,26830,13077,54,40,51,115,288,181,109,140,1758,720,2070,799,4293,30878,20633,20563,19679,884,70,10245,89081.0,48759.0,14600,6820,21409,7734,14678,13380,1798,771,2185,5561,66.82,4.3,69.61,6.37,13.43,14.34
75077,39853,1033,1548,1126,1311,478,681,1209,994,1593,1133,1485,1723,1477,521,778,537,407,892,367,268,126,1054,1383,1113,957,382,665,941,681,1328,1733,1376,1475,1695,432,675,343,597,962,423,226,650,39853,29232,2820,147,3080,36,1019,3519,39853,34903,4950,27047,13510,107,3,0,0,15,40,20,186,1966,850,2519,1058,4978,31954,21718,21701,20760,941,17,10236,120254.0,52852.0,13801,9525,23455,5798,15671,13823,1969,850,2519,6091,67.97,4.34,73.35,7.08,7.73,12.42
75078,40513,1292,2210,2066,1429,629,381,1149,806,1429,1890,2111,1786,952,128,372,253,256,362,330,195,178,1418,1845,1959,949,390,187,815,1437,2109,1690,1924,1829,837,156,240,164,300,535,444,100,78,40513,27848,2960,92,4992,27,1134,3460,40513,36348,4165,24855,12197,35,77,10,22,78,72,1,130,1111,417,1371,598,5150,28859,20774,20718,19835,883,56,8085,178254.0,63630.0,11942,13168,23247,3195,18975,12363,1188,427,1393,5898,71.98,4.26,68.74,7.31,12.32,10.28
75080,52184,1888,1080,1562,839,1824,1240,2011,2359,1731,1094,1140,1740,1294,632,589,474,401,521,476,527,444,1536,1599,2052,1079,1212,1177,1897,2175,1798,1585,1128,1675,1209,551,623,322,484,1016,473,575,662,52184,32634,4535,410,6347,16,3383,4859,52184,41094,11090,31606,15433,332,57,141,161,74,36,94,39,2162,614,2099,904,4950,41975,28429,28420,27070,1350,9,13546,86341.0,43968.0,19011,11635,30684,6375,20333,15898,2219,755,2260,5964,67.73,4.75,62.54,8.69,12.16,21.25
75081,36493,1531,1142,1103,476,328,368,1438,1896,1249,1156,840,1220,1023,487,479,358,487,807,430,135,111,1436,874,1085,706,386,829,1726,1582,1798,940,1199,1256,1180,434,581,406,400,728,523,296,280,36493,20501,7546,95,4637,43,1645,2026,36493,29914,6579,25445,12116,211,0,272,296,243,15,75,194,1821,635,1670,1319,3444,29118,20770,20750,19906,844,20,8348,88161.0,42785.0,14005,8353,22395,4961,16300,12596,1821,907,1966,5021,71.33,4.07,56.18,20.68,12.71,18.03
75082,29386,583,479,770,389,235,633,1765,1071,1152,580,1208,944,1264,398,462,255,463,500,356,142,39,536,873,654,572,506,906,1327,1208,1119,900,1511,1158,657,489,712,134,431,819,211,113,132,29386,16527,2748,15,7288,0,899,1909,29386,26815,2571,21520,10599,119,0,17,0,98,0,36,15,607,831,1064,781,3943,25168,18647,18647,17447,1200,0,6521,108869.0,62563.0,12184,4856,20205,3595,13943,10769,607,848,1064,4822,74.09,6.44,56.24,9.35,24.8,8.75
75087,40201,1173,1991,1463,1441,471,680,1013,854,1924,1400,1444,1312,1688,205,444,455,305,913,448,311,108,1206,1371,1436,866,405,522,1073,1214,1272,1559,1452,1322,1447,337,554,485,715,774,698,376,345,40201,30837,1906,739,1628,66,750,4275,40201,33372,6829,26447,12824,0,22,61,29,54,38,79,190,1630,1026,2120,852,4431,30704,21740,21699,20831,868,41,8964,124583.0,53299.0,14195,10947,22592,5933,15839,13093,1652,1087,2149,5375,70.81,4.0,76.71,4.74,4.05,16.99
75088,27143,668,968,717,480,216,473,1229,1082,735,815,601,1157,1202,331,640,236,324,608,342,193,121,1059,896,477,604,288,575,918,871,978,785,962,950,1260,310,495,262,410,712,375,136,200,27143,18427,4359,223,1094,28,689,2323,27143,21684,5459,19240,9616,51,30,23,91,71,100,66,181,2587,910,1371,975,2215,22078,15743,15743,15173,570,0,6335,101995.0,44292.0,9676,5869,16873,3919,11083,9914,2617,933,1462,3361,71.31,3.62,67.89,16.06,4.03,20.11
75089,34974,1167,981,1280,1388,509,522,1331,1343,904,1061,1387,1620,1242,496,555,245,328,513,218,52,182,965,1176,1160,800,335,377,1111,1228,1028,1771,1463,1242,1324,524,555,257,327,437,314,262,106,34974,17517,9473,53,3361,0,887,3683,34974,27215,7759,23426,11477,97,30,26,287,0,36,108,423,2269,786,1647,1184,3071,27361,19652,19637,18771,866,15,7709,119332.0,42078.0,11364,8917,21928,3241,15489,12105,2299,812,1934,4291,71.82,4.41,50.09,27.09,9.61,22.19
75093,47069,1536,1294,1554,821,493,593,1066,1759,1349,1993,1490,1533,1682,774,1125,585,730,1093,746,302,183,985,1148,1347,941,521,724,1057,1722,2035,1414,1566,2111,1940,582,989,706,861,1495,731,472,556,47069,29424,3852,123,9177,0,1179,3314,47069,42688,4381,34647,16410,79,17,5,0,38,0,49,115,1088,384,1342,822,6963,38613,25219,25158,24254,904,61,13394,121360.0,80152.0,19475,9626,28518,8460,19095,16653,1105,389,1342,7823,65.31,3.59,62.51,8.18,19.5,9.31
75094,23370,442,1040,1422,1065,481,159,178,216,647,666,1462,1079,587,265,315,185,254,392,307,114,0,464,766,1473,970,279,391,371,292,646,1298,1260,1008,670,200,344,139,371,320,247,22,51,23370,11078,2161,114,8856,0,150,1011,23370,22697,673,13906,6667,80,0,58,15,13,0,56,36,1082,247,664,646,1893,17013,11348,11348,10805,543,0,5665,152461.0,46995.0,6384,7642,12814,2402,9123,6839,1082,305,679,2552,66.7,4.78,47.4,9.25,37.89,2.88
75098,65655,2286,2527,2127,1344,1417,1431,2039,2133,2513,2183,2883,2727,1895,612,579,349,524,564,589,94,166,2649,2659,2583,1692,1300,1266,1264,2800,2950,2941,2625,2019,1796,578,630,779,714,890,568,436,189,65655,41026,7826,329,6450,17,2073,7934,65655,53692,11963,41029,19850,453,93,145,30,192,143,100,310,3850,1472,3526,1753,5372,49984,36923,36905,35623,1282,18,13061,112198.0,41361.0,20779,17867,40581,5862,29077,20713,3943,1617,3556,7460,73.87,3.47,62.49,11.92,9.82,18.22
75101,668,12,19,19,7,18,8,29,16,16,4,37,21,9,2,9,23,16,10,10,2,1,8,25,65,14,9,23,16,45,17,12,12,14,30,5,7,16,4,20,3,7,0,668,363,164,29,0,0,33,79,668,423,245,413,205,4,2,10,17,16,5,15,15,86,13,3,16,3,520,323,323,287,36,0,197,50455.0,20588.0,216,169,359,112,239,239,88,23,20,40,62.12,11.15,54.34,24.55,0.0,36.68
75104,49291,1458,1794,2766,1243,589,1255,1512,1274,1393,1335,2011,1407,1201,558,772,363,812,805,356,120,135,1409,1930,1935,1111,564,905,1825,1687,1661,2014,2009,1311,1708,1121,879,577,740,907,263,120,276,49291,15607,24791,81,945,179,3206,4482,49291,36373,12918,31152,14054,220,13,339,233,98,100,177,328,3778,1243,2887,912,2645,37280,25985,25917,24158,1759,68,11295,84760.0,35584.0,16240,13646,28991,5474,19439,14779,3791,1582,3120,3755,69.7,6.79,31.66,50.3,1.92,26.21
75114,7123,194,183,302,206,37,147,278,164,287,328,245,273,134,150,107,62,61,183,43,49,6,171,437,228,207,8,148,399,136,388,151,351,224,131,42,77,80,42,89,119,5,25,7123,5176,389,28,34,0,503,993,7123,5023,2100,4629,2370,171,18,7,80,11,11,14,22,749,249,387,381,188,5411,3582,3582,3401,181,0,1829,96484.0,37127.0,2281,1928,4205,764,3224,2577,767,256,467,591,66.2,5.05,72.67,5.46,0.48,29.48
75115,56012,1507,1715,1600,1328,1273,1067,1114,1453,1467,1797,1521,2079,2182,655,703,642,657,1018,696,435,235,1523,1591,2279,1243,557,667,2035,1360,2131,2153,2569,3052,2079,569,1017,617,976,1481,792,502,559,56012,9988,37499,62,517,67,3279,4600,56012,45667,10345,38546,16654,88,171,335,84,217,406,112,352,4664,1542,2793,1516,2761,44958,30661,30661,28283,2378,0,14297,81895.0,36802.0,20429,12786,33500,8610,22731,17206,4835,1877,2877,4900,68.2,7.76,17.83,66.95,0.92,18.47
75116,20145,386,805,812,411,379,425,609,455,1271,484,393,382,702,183,491,234,396,339,250,165,98,647,616,1118,431,169,372,591,778,683,623,315,512,561,277,350,232,293,408,377,149,386,20145,8469,5313,80,496,0,3785,2002,20145,10749,9396,12987,6452,358,39,96,82,448,201,45,128,2103,375,890,451,818,15543,9551,9551,8653,898,0,5992,57245.0,24203.0,6907,5226,11005,3327,7096,6983,2142,471,972,1918,61.45,9.4,42.04,26.37,2.46,46.64
75119,29509,954,1028,1409,997,423,661,1088,872,738,1244,738,816,709,550,571,289,384,481,207,94,123,789,806,1131,427,545,529,1019,1174,801,1041,821,993,839,441,729,415,413,398,319,267,262,29509,21220,2536,178,82,8,2570,2915,29509,17145,12364,18836,8904,431,32,274,238,267,107,354,101,3005,733,1346,642,934,22799,15933,15933,15391,542,0,6866,77225.0,31916.0,10230,7541,17342,3652,11345,9790,3037,1007,1584,1950,69.88,3.4,71.91,8.59,0.28,41.9
75125,6920,369,164,231,161,101,100,139,224,107,390,151,156,179,80,61,36,90,64,92,66,121,454,179,373,189,69,103,166,207,96,494,194,122,314,194,97,75,97,78,157,10,76,6920,3408,640,303,2,0,839,1728,6920,2607,4313,4333,1956,93,14,142,1,290,42,38,89,409,183,402,34,147,4944,3219,3219,3090,129,0,1725,63684.0,22477.0,2162,2120,3744,962,2446,2176,423,325,403,513,65.11,4.01,49.25,9.25,0.03,62.33
75126,67852,3419,3847,2741,1830,740,1478,2209,3428,2963,2430,2171,2005,1610,532,1016,441,490,483,314,309,124,2259,2637,2744,1324,861,1114,1843,3351,3399,2972,2100,1935,1368,541,908,461,418,790,296,152,187,67852,39437,15812,246,2114,26,2650,7567,67852,53490,14362,41246,20525,487,71,15,144,236,152,262,449,4447,1588,3802,2422,4893,49129,36942,36814,35039,1775,128,12187,101456.0,38342.0,21282,20801,40974,4465,30806,21723,4518,1603,3946,7703,75.19,4.82,58.12,23.3,3.12,21.17
75132,0,0,0,0,0,0,0,0,0,0,0,0,0,0,0,0,0,0,0,0,0,0,0,0,0,0,0,0,0,0,0,0,0,0,0,0,0,0,0,0,0,0,0,0,0,0,0,0,0,0,0,0,0,0,0,0,0,0,0,0,0,0,0,0,0,0,0,0,0,0,0,0,0,0,0,0,,,0,0,0,0,0,0,0,0,0,0,0.0,0.0,0.0,0.0,0.0,0.0
75134,20179,1207,644,753,545,372,199,784,649,582,535,523,590,969,65,293,110,36,183,80,89,37,748,736,982,599,352,387,835,818,558,770,765,474,695,100,295,102,337,455,284,91,93,20179,3456,13387,0,47,0,1806,1483,20179,15136,5043,12197,5525,89,0,92,73,203,121,116,213,1601,678,908,683,476,14634,10181,10146,9706,440,35,4453,65114.0,28212.0,6849,6214,11610,1897,7883,5943,1601,770,981,1483,69.57,4.34,17.13,66.34,0.23,24.99
75135,8515,162,385,511,478,77,160,170,321,209,220,457,315,328,57,61,83,140,105,144,51,44,330,253,148,300,45,78,270,246,283,405,300,208,354,75,58,30,92,193,68,38,44,8515,6441,520,51,64,0,702,737,8515,6851,1664,5369,2705,31,4,15,19,43,34,50,7,894,226,417,302,469,6460,4334,4334,3946,388,0,2126,88369.0,34903.0,2683,2567,4697,1032,3404,2793,898,241,436,848,67.09,8.95,75.64,6.11,0.75,19.54
75137,20013,658,616,759,541,478,204,459,434,426,371,512,721,621,482,395,166,222,469,210,49,55,696,707,797,537,359,158,637,500,720,854,718,766,604,267,351,372,341,549,306,106,193,20013,7785,7611,340,185,0,1656,2436,20013,12462,7551,12876,5592,159,29,117,87,222,35,171,299,1616,412,768,354,852,15441,9742,9742,9166,576,0,5699,81160.0,34094.0,6742,5311,11037,3038,7118,6221,1645,529,855,1463,63.09,5.91,38.9,38.03,0.92,37.73
75141,4510,245,164,291,111,85,109,215,73,124,52,128,132,137,23,95,6,40,30,32,7,0,308,126,239,40,95,136,211,195,186,40,96,132,97,116,57,57,9,46,22,15,28,4510,1196,2049,0,0,0,411,854,4510,2395,2115,2401,1094,87,30,63,27,130,31,10,28,277,105,144,50,78,3137,2015,2015,1934,81,0,1122,45213.0,17334.0,1327,1524,2534,292,1584,1219,307,168,171,289,64.23,4.02,26.52,45.43,0.0,46.9
75142,22756,698,737,1004,546,364,494,508,640,760,1142,568,567,788,222,439,259,505,299,207,133,124,1130,856,1161,454,465,301,712,631,968,585,560,382,771,337,358,266,396,278,272,149,192,22756,16342,993,46,1,0,1462,3912,22756,14069,8687,14018,7161,312,64,345,164,335,393,225,238,2790,504,689,309,618,16789,11023,11023,10623,400,0,5766,75072.0,29610.0,6996,6586,12562,3080,8023,7936,2854,849,853,1655,65.66,3.63,71.81,4.36,0.0,38.17
75143,14584,446,449,718,174,145,411,344,490,391,385,447,502,492,246,262,153,297,389,216,182,37,353,532,384,263,74,286,348,492,336,461,374,428,414,298,467,142,363,461,356,188,201,14584,13398,79,52,58,5,175,817,14584,12684,1900,10162,4833,78,27,49,79,139,130,178,105,1893,362,771,212,635,11506,6422,6422,6053,369,0,5084,64178.0,32644.0,5475,3319,8093,2985,4998,5194,1920,411,850,1116,55.81,5.75,91.87,0.54,0.4,13.03
75146,24089,936,912,1280,326,357,319,601,412,654,670,803,680,519,299,333,179,254,121,119,56,56,1367,1168,911,532,283,205,1104,1240,1191,1031,636,861,718,377,560,115,395,365,126,155,165,24089,4573,16419,40,246,0,931,1880,24089,19535,4554,14795,5756,229,0,22,23,188,79,78,77,1840,513,881,624,965,17205,11945,11912,10864,1048,33,5260,68001.0,29723.0,8493,7432,13853,2106,9883,6140,1840,535,904,1856,69.43,8.8,18.98,68.16,1.02,18.9
75147,8239,141,333,285,223,251,224,127,274,26,416,304,365,77,33,185,80,131,299,55,30,13,181,319,416,225,105,93,219,368,108,344,281,334,78,26,201,44,211,226,170,87,76,8239,7289,161,0,29,23,22,715,8239,7253,986,5188,2415,69,0,4,81,22,97,25,28,647,346,488,122,416,6449,3973,3973,3697,276,0,2476,49167.0,26957.0,2828,2123,4439,1422,3166,2537,647,350,569,657,61.61,6.95,88.47,1.95,0.35,11.97
75149,59371,1951,2155,2905,1478,1095,789,1567,2569,1570,1742,1576,1875,1849,432,789,462,490,805,364,182,249,2109,2662,2118,1250,1232,1427,1911,2121,2519,1856,2173,2142,2036,548,808,342,804,1011,699,504,605,59371,27587,14453,871,684,8,6907,8861,59371,31481,27890,36600,16521,518,173,735,397,1161,242,219,655,5693,1511,2333,1066,1155,44425,30276,30276,28977,1299,0,14149,64858.0,25237.0,19826,16628,34626,6517,23621,17913,5866,2246,2730,3624,68.15,4.29,46.47,24.34,1.15,46.98
75150,63895,2719,2361,2487,1747,939,1660,2692,2223,2147,1877,1885,1616,1816,679,835,437,834,590,665,300,453,1688,1977,2430,1257,1274,1162,1991,2364,1938,2127,2531,1950,1796,636,1004,669,900,1212,975,666,710,63895,31284,13353,445,1861,0,6805,10147,63895,33527,30368,40518,19049,551,294,615,289,704,573,274,989,6014,1333,3125,1199,2164,49212,34841,34841,32983,1858,0,14371,66265.0,28233.0,22931,16666,37142,8411,25341,20863,6308,1948,3414,4640,70.8,5.33,48.96,20.9,2.91,47.53
75152,5859,130,256,261,188,110,225,172,171,114,363,186,259,217,73,83,49,24,71,43,38,17,163,311,175,54,144,122,118,247,230,269,232,177,115,24,90,25,80,37,58,59,4,5859,4674,110,317,13,0,436,309,5859,3806,2053,3645,1880,32,11,16,48,14,68,43,54,815,88,220,151,262,4524,3074,3074,2919,155,0,1450,81772.0,33562.0,1914,1538,3741,505,2538,2009,826,104,268,495,67.95,5.04,79.77,1.88,0.22,35.04
75154,48510,1666,1783,2429,1190,622,1052,1312,1330,1727,1654,1777,1851,1462,735,805,599,578,475,713,231,94,1279,1863,1379,1215,734,1427,1373,1426,1234,1856,1828,1729,1762,733,793,500,682,656,413,293,279,48510,24793,14979,542,458,0,2756,4982,48510,36804,11706,30900,15343,221,251,154,177,197,155,149,335,4881,1131,2296,1359,2630,37341,25553,25553,24115,1438,0,11788,95035.0,38708.0,15535,12804,29222,5513,19097,16048,5132,1285,2473,4341,68.43,5.63,51.11,30.88,0.94,24.13
75157,216,9,3,0,5,2,2,5,4,9,7,16,6,16,2,7,15,7,0,3,0,0,3,10,4,1,0,2,0,2,2,13,14,6,4,5,2,0,15,4,0,0,8,216,164,13,3,0,0,0,36,216,203,13,172,97,0,5,0,6,0,13,0,0,44,14,7,4,2,182,110,110,98,12,0,72,,26024.0,92,35,126,52,84,97,49,14,13,19,60.44,10.91,75.93,6.02,0.0,6.02
75158,6202,193,243,165,67,12,102,319,98,241,190,122,291,220,58,123,64,67,140,95,24,19,160,388,216,162,239,50,228,129,181,191,147,207,162,161,173,105,43,76,47,8,105,6202,5337,170,112,0,0,201,382,6202,5360,842,4034,2071,0,0,0,53,7,112,89,50,658,258,253,186,307,4802,2979,2979,2913,66,0,1823,88125.0,36202.0,1869,1594,3644,793,2344,2210,658,258,306,612,62.04,2.22,86.05,2.74,0.0,13.58
75159,22751,1009,813,813,499,207,476,949,797,1288,1161,734,798,563,260,404,80,203,586,225,98,88,735,914,870,533,172,291,524,695,578,787,663,469,322,283,368,213,393,444,315,142,200,22751,13185,3257,186,216,14,2733,3160,22751,11914,10837,14630,8234,427,137,609,168,337,86,383,318,2876,772,973,364,608,17262,9772,9772,9077,695,0,7490,69301.0,25038.0,6469,6186,12789,2987,9443,9362,3013,1381,1141,1395,56.61,7.11,57.95,14.32,0.95,47.63
75160,25964,701,892,993,582,587,265,814,692,717,542,741,840,921,152,600,327,248,493,283,147,131,927,807,1038,1008,222,433,1197,816,735,604,701,847,737,329,696,287,349,831,489,362,260,25964,15779,4762,74,30,22,1235,4062,25964,17858,8106,16888,7648,343,0,112,161,118,68,243,212,2421,719,1201,484,1220,20085,12459,12459,11694,765,0,7626,67102.0,29387.0,8719,6948,14188,4207,9246,8446,2421,831,1362,1890,62.03,6.14,60.77,18.34,0.12,31.22
75161,6468,81,144,126,108,87,89,186,123,249,107,265,343,284,133,140,61,100,92,131,18,116,135,146,110,56,5,85,164,240,121,159,483,434,413,80,215,41,76,196,112,61,112,6468,5194,166,69,0,0,391,648,6468,5211,1257,5255,2348,8,83,82,85,11,88,41,135,830,175,260,286,159,5637,3527,3527,3253,274,0,2110,74932.0,35225.0,2388,906,4405,1116,2874,2532,913,257,345,544,62.57,7.77,80.3,2.57,0.0,19.43
75164,430,0,0,0,16,0,25,8,5,0,15,0,0,29,0,0,15,36,32,0,16,0,4,14,0,0,0,8,0,5,6,0,0,46,21,0,7,0,62,11,18,0,0,430,390,12,0,0,0,0,28,430,414,16,332,156,0,0,0,29,0,0,0,6,55,12,33,21,0,412,189,189,189,0,0,223,52736.0,23512.0,175,34,175,190,85,162,55,12,62,21,45.87,0.0,90.7,2.79,0.0,3.72
75165,48970,1876,1714,1529,1029,951,1133,1936,1834,1744,1303,1337,1173,1759,429,480,439,625,1055,339,320,304,1594,1401,2024,1562,642,795,1995,1900,1771,1653,1308,1426,1377,369,786,566,816,850,712,291,583,48970,33468,7203,242,339,115,2835,4768,48970,36718,12252,31480,15077,450,62,129,71,226,209,289,213,4050,1270,2729,1378,2768,37966,25235,25196,24290,906,39,12731,83970.0,35522.0,17069,12729,28101,6900,19380,16029,4112,1399,2800,4581,66.47,3.6,68.34,14.71,0.69,25.02
75166,5762,183,312,153,139,36,99,175,236,393,218,57,186,140,94,45,72,59,63,46,18,0,185,271,204,107,102,102,254,201,213,320,161,207,141,67,148,37,28,97,22,34,30,5762,3862,846,212,159,73,69,541,5762,4729,1033,3762,1802,8,0,0,0,0,0,12,0,442,129,359,173,482,4304,3430,3430,3373,57,0,874,123653.0,45354.0,1887,1554,3595,506,2621,1822,442,129,359,655,79.69,1.66,67.03,14.68,2.76,17.93
75167,13421,267,532,547,212,129,320,324,578,533,497,641,373,594,188,296,114,106,115,107,4,44,280,506,753,240,49,555,220,376,591,491,418,381,647,115,245,77,117,233,214,41,68,13421,9832,1196,11,234,0,1024,1124,13421,10766,2655,8748,4514,136,0,11,191,48,60,49,65,1055,99,929,367,1110,10381,7629,7596,7269,327,33,2752,117254.0,43414.0,4176,3337,8561,1240,5423,4764,1055,110,1120,1585,73.49,4.3,73.26,8.91,1.74,19.78
75172,5378,375,224,230,110,0,85,235,139,239,90,31,108,142,146,115,143,46,49,66,47,0,229,51,147,19,33,390,272,230,183,242,52,317,221,34,25,29,73,160,0,0,41,5378,2237,1568,0,0,0,948,625,5378,2799,2579,3475,1596,134,81,106,13,182,35,69,75,565,50,54,152,63,4103,2652,2652,2484,168,0,1451,63003.0,22573.0,1766,1385,3329,654,2138,1874,646,156,67,432,64.64,6.33,41.6,29.16,0.0,47.95
75173,9296,440,407,488,409,178,66,439,255,456,260,340,456,311,221,58,18,153,200,40,47,33,218,297,230,139,80,222,218,293,302,225,394,306,321,88,113,54,36,163,55,44,8,9296,6881,302,87,112,0,748,1166,9296,6685,2611,5907,3287,22,2,133,25,19,34,54,23,1250,344,740,150,357,7127,4925,4925,4624,301,0,2202,96636.0,34256.0,2664,2628,5602,851,3944,3386,1252,477,765,560,69.1,6.11,74.02,3.25,1.2,28.09
75180,27050,952,1356,979,693,290,562,1263,776,808,766,1295,418,757,400,339,217,244,259,130,65,31,1031,1189,1127,942,388,355,735,931,860,773,763,889,897,152,525,308,484,387,255,60,185,27050,10579,7843,318,20,0,3094,5196,27050,12367,14683,15972,7768,225,257,676,207,663,133,226,186,2546,480,765,881,356,19839,13439,13439,12268,1171,0,6400,57827.0,22986.0,8112,8269,14942,2625,10277,8405,2803,1156,972,2033,67.74,8.71,39.11,28.99,0.07,54.28
75181,27980,1281,1023,1293,597,438,623,819,1213,881,773,697,810,895,204,677,317,248,250,105,34,43,1537,1484,1241,867,567,471,723,954,944,759,1057,694,1014,305,391,353,299,339,162,40,181,27980,10457,9451,325,1174,16,1793,4764,27980,17680,10300,16181,7966,58,102,250,10,216,33,71,292,2464,729,1165,1055,987,19745,14031,13991,13573,418,40,5714,107734.0,31651.0,7951,9323,15909,2371,10324,8387,2566,979,1175,2291,71.06,2.99,37.37,33.78,4.2,36.81
75182,7873,39,333,616,207,75,265,138,175,134,262,301,328,308,130,122,88,176,131,63,140,14,236,166,435,91,7,177,27,276,182,285,425,259,352,136,136,102,115,167,43,58,49,7873,4762,994,11,1574,0,15,517,7873,7348,525,5122,2510,35,0,0,32,0,0,13,10,232,79,214,195,1000,6008,4303,4303,4051,252,0,1705,152632.0,59789.0,2624,2123,4500,1146,2792,2568,232,79,246,1195,71.62,5.86,60.49,12.63,19.99,6.67
75189,38261,1344,1070,1439,643,543,520,1506,1225,1677,1479,1179,1525,1174,501,479,249,404,413,303,141,154,1419,1536,1895,760,536,1003,1613,1086,2031,1256,1116,1216,1117,575,572,396,356,571,247,108,93,38261,27663,3439,212,683,0,2579,3685,38261,28979,9282,24762,12409,198,0,62,133,6,49,80,392,3632,1076,2319,1362,2309,28975,20415,20392,19614,778,23,8560,114068.0,40966.0,12919,10106,23929,3435,16909,13079,3632,1138,2452,3726,70.46,3.82,72.3,8.99,1.79,24.26
75201,17985,131,157,60,84,8,798,2009,1906,751,744,410,640,593,234,216,193,173,129,33,27,0,84,157,42,15,0,1604,2361,1127,882,434,330,369,328,179,75,59,117,160,25,35,170,17985,12397,2288,129,1287,0,415,1469,17985,15428,2557,14709,8058,35,0,33,22,0,27,42,15,828,313,864,194,3236,17305,15140,15140,14644,496,0,2165,102891.0,96253.0,11514,730,15998,1121,11963,8150,828,346,886,3457,87.49,3.28,68.93,12.72,7.16,14.22
75202,2421,58,23,0,0,1,51,298,273,155,125,13,136,89,33,24,53,33,12,48,0,12,17,0,0,14,30,81,264,184,83,50,26,59,9,36,62,11,17,11,0,16,0,2421,1701,231,4,107,0,45,333,2421,1925,496,2132,1304,0,15,0,0,8,0,0,0,71,0,192,93,498,2323,1958,1958,1930,28,0,365,113843.0,100308.0,1578,112,2082,213,1666,1304,86,0,192,599,84.29,1.43,70.26,9.54,4.42,20.49
75203,16265,545,813,709,434,153,432,619,506,690,534,640,478,415,111,145,70,122,430,60,26,80,703,453,455,498,132,361,927,412,465,656,635,333,281,130,416,125,142,283,232,138,142,16265,7135,5614,300,133,14,1530,1539,16265,7242,9023,10243,4926,363,128,307,176,228,126,119,263,1203,321,537,326,467,12289,7667,7667,6940,727,0,4622,43376.0,24137.0,6204,4610,9471,1850,6895,5671,1331,628,713,1147,62.39,9.48,43.87,34.52,0.82,55.47
75204,31627,744,293,371,206,253,1487,3708,2998,1505,1297,926,776,604,370,366,231,261,280,39,54,43,275,333,118,259,108,2061,3849,2407,1198,760,609,503,599,165,281,98,142,206,158,70,46,31627,20703,4367,131,2107,0,1636,2683,31627,25185,6442,24549,13458,42,33,130,38,87,128,39,153,922,734,992,956,5104,29374,24702,24632,23403,1229,70,4672,88142.0,78797.0,19316,2599,26830,1628,20536,13692,955,864,1030,6275,84.09,4.99,65.46,13.81,6.66,20.37
75205,25212,587,603,929,596,1072,561,806,447,789,534,707,942,770,336,404,237,348,340,235,116,130,505,739,896,445,1069,457,789,659,635,792,978,968,716,257,429,202,330,300,357,150,192,25212,21132,441,118,1329,5,301,1886,25212,22892,2320,14895,7141,54,0,7,0,0,0,9,9,233,117,276,99,2780,20709,12611,12611,12009,602,0,8098,180698.0,116578.0,9226,5300,15117,2937,9046,7213,233,124,276,2879,60.9,4.77,83.82,1.75,5.27,9.2
75206,38432,1085,547,465,223,94,1914,4454,3196,2063,1037,809,597,774,326,375,208,188,449,254,136,64,1403,506,318,83,76,1723,4132,3077,1424,1095,674,615,770,388,421,148,341,288,315,124,184,38432,26862,3603,294,3588,0,1342,2743,38432,32656,5776,28926,14930,124,9,136,14,117,96,0,78,787,292,1664,543,7503,34064,27988,27925,26853,1072,63,6076,84784.0,72212.0,21567,4630,30034,2699,23173,15132,796,428,1678,8259,82.16,3.84,69.89,9.38,9.34,15.03
75207,8029,0,0,2,14,141,400,1426,1300,837,763,426,376,218,79,96,48,37,21,28,0,0,0,0,0,3,20,147,678,218,254,82,27,32,73,9,0,35,0,0,0,0,0,8029,3724,2609,64,233,10,338,1051,8029,6112,1917,7063,5655,28,10,51,90,272,284,384,80,1706,424,856,135,870,8027,2871,2871,2762,109,0,5156,88655.0,38650.0,2335,19,7602,169,6419,6147,1716,475,946,1561,35.77,3.8,46.38,32.49,2.9,23.88
75208,29992,708,923,1033,515,155,556,1972,1571,1259,960,1133,986,925,436,564,455,327,476,342,65,149,856,600,973,361,436,624,1372,1301,855,865,710,933,782,402,682,299,446,597,253,173,160,29992,19225,1830,684,319,0,3364,4570,29992,12516,17476,21450,11620,735,305,474,318,369,156,214,252,2050,380,1196,587,2813,24613,18051,18051,17283,768,0,6562,75699.0,49943.0,12159,5969,19479,3742,13917,12821,2355,854,1514,3925,73.34,4.25,64.1,6.1,1.06,58.27
75209,14208,620,90,389,287,62,293,578,840,434,272,614,408,605,328,315,121,203,226,196,69,54,392,292,360,118,38,225,703,695,633,519,401,410,471,355,285,159,156,403,189,104,203,14208,10922,1621,52,447,0,301,865,14208,12377,1831,10949,5263,18,0,0,0,87,0,28,8,621,151,468,110,2030,11898,8731,8722,8513,209,9,3167,116477.0,100507.0,6753,2548,9484,2083,6507,5317,621,151,468,2227,73.38,2.4,76.87,11.41,3.15,12.89
75210,8750,763,298,401,317,155,43,227,308,150,147,96,346,170,124,55,72,168,39,119,0,33,544,260,573,154,168,270,252,542,185,169,225,247,354,8,32,52,115,76,182,6,80,8750,2411,4549,0,117,0,810,863,8750,4885,3865,4579,2054,68,103,27,25,30,83,128,138,740,60,414,105,89,5851,3324,3302,2993,309,22,2527,26822.0,14358.0,2849,3310,4273,942,2894,2388,843,87,439,307,56.81,9.36,27.55,51.99,1.34,44.17
75211,73948,2539,2630,2944,1676,1810,1669,2337,2148,2125,2516,2118,2319,2169,875,1090,584,685,923,587,171,435,2509,2752,3251,2499,1820,1710,2506,2327,2314,1826,2576,1821,2475,834,946,506,654,861,702,833,395,73948,38657,6879,1098,643,4,13765,12902,73948,15832,58116,42658,21082,1701,882,1424,1205,1075,868,622,931,5878,1250,1913,717,1734,56024,35690,35673,33299,2374,17,20334,53614.0,21536.0,22587,20800,42331,7336,26933,24336,6760,2674,3118,4394,63.7,6.65,52.28,9.3,0.87,78.59
75212,27045,1107,1038,1259,565,438,574,936,877,845,1033,1026,746,586,258,372,48,329,269,200,66,32,1449,932,1041,842,456,807,853,814,923,815,509,608,551,485,505,281,431,330,238,280,314,27045,11634,6878,219,521,0,2850,4943,27045,8649,18396,15560,7623,570,283,471,397,358,266,197,126,2589,371,682,250,771,19884,12134,12134,11239,895,0,7750,47089.0,19853.0,8401,8233,15017,2818,9985,8516,2872,842,1079,1645,61.02,7.38,43.02,25.43,1.93,68.02
75214,34015,1075,1043,1004,358,418,407,1222,1265,1832,1621,1107,1016,929,432,586,364,469,467,270,149,190,1426,1073,674,432,152,649,1850,1716,1767,1138,936,1125,1116,302,644,276,400,555,245,276,404,34015,27141,2384,285,638,0,817,2750,34015,28212,5803,24669,11919,77,54,76,37,218,30,80,15,1103,252,1366,475,4642,27398,21011,21011,20230,781,0,6387,115304.0,86426.0,15398,7085,22230,4065,16595,12091,1157,328,1403,5365,76.69,3.72,79.79,7.01,1.88,17.06
75215,18950,828,679,611,350,217,431,830,597,814,469,673,441,706,110,288,201,182,220,73,72,59,413,611,540,641,305,544,532,911,844,693,705,317,887,201,299,247,226,415,130,122,77,18950,4024,12066,30,28,11,1680,1111,18950,14653,4297,12341,5735,139,271,88,67,267,206,208,123,2045,251,901,317,583,14833,9141,9141,8592,549,0,5692,39486.0,25950.0,7356,4673,11814,2024,7826,6205,2316,339,968,1373,61.63,6.01,21.23,63.67,0.15,22.68
75216,55085,1719,2736,2058,1825,538,1374,1899,1859,1408,1543,2068,1182,1358,771,930,408,602,559,613,330,219,2064,1897,2765,1494,735,1109,1230,1925,1540,1725,1368,1530,1784,728,927,583,617,889,1135,708,802,55085,13321,27699,127,153,0,7543,6242,55085,29840,25245,33240,15749,695,478,732,583,565,575,719,681,6312,752,1823,612,1010,40515,21119,21060,19630,1430,59,19396,33889.0,17586.0,18776,16558,29531,7465,19277,17844,6790,1484,2406,2762,52.13,6.79,24.18,50.28,0.28,45.83
75217,87154,3895,4145,5415,2700,1033,2457,2544,2508,2602,3526,1983,2343,2556,531,1063,497,640,877,346,348,213,3929,3975,3968,2645,1689,1861,3062,2712,3098,2652,2947,2136,2205,582,1032,717,450,1036,528,281,543,87154,39313,15505,669,519,15,8578,22555,87154,21681,65473,46558,22577,1852,735,2941,945,1774,931,805,653,7354,793,2220,483,956,60405,34671,34648,33271,1377,23,25734,49841.0,17326.0,23868,30672,47122,6476,32113,25887,8089,3734,3165,4144,57.4,3.97,45.11,17.79,0.6,75.12
75218,21393,723,567,633,343,244,224,525,995,1069,605,524,626,731,350,654,194,331,482,316,106,201,694,547,490,224,59,268,703,1181,740,579,727,801,669,316,760,328,308,505,333,261,291,21393,16780,1226,50,138,0,1239,1960,21393,15336,6057,16211,7709,31,45,90,22,231,99,3,31,882,213,925,241,2834,17502,12631,12616,12423,193,15,4871,104026.0,70905.0,9540,4221,13350,3656,9075,7774,927,303,947,3405,72.17,1.53,78.44,5.73,0.65,28.31
75219,24797,237,163,318,178,99,901,2620,2721,980,1040,701,715,1019,350,312,243,240,326,225,103,139,205,270,270,95,121,895,2511,1703,830,550,626,526,491,253,344,176,171,251,332,174,129,24797,15953,2905,175,2465,46,823,2430,24797,20077,4720,20801,11734,166,75,25,98,38,77,97,25,793,379,1147,396,5036,23221,19244,19244,18543,701,0,3977,86826.0,85387.0,16456,1736,20308,2509,15523,12022,868,404,1245,5547,82.87,3.64,64.33,11.72,9.94,19.03
75220,40327,1897,1809,1858,1098,664,694,1898,2113,1535,1542,1677,1387,1228,446,552,131,436,337,303,107,108,1566,1355,1455,709,587,830,1724,1474,1666,799,831,933,873,408,464,276,413,328,229,154,276,40327,19257,1646,148,782,0,13939,4555,40327,12131,28196,24648,13800,1066,855,2057,429,583,270,153,637,3131,395,1042,687,1554,29784,22151,22151,21021,1130,0,7633,56849.0,36273.0,14128,11747,24325,3098,17579,15656,3986,2452,1471,3094,74.37,5.1,47.75,4.08,1.94,69.92
75223,13174,360,300,558,272,182,417,621,618,672,601,248,440,471,254,265,129,164,204,121,3,14,341,652,360,319,152,251,263,357,341,379,424,419,411,121,273,62,178,246,195,73,26,13174,7422,1593,15,284,0,1812,2048,13174,4538,8636,8593,4825,248,229,420,61,351,69,124,227,1153,242,480,114,755,10496,7436,7429,6874,555,7,3060,66875.0,31263.0,4478,3162,8180,1415,5383,5424,1382,662,541,1289,70.85,7.47,56.34,12.09,2.16,65.55
75224,35903,1241,1217,1695,937,473,723,1812,995,1453,850,914,1011,1214,704,441,395,223,414,209,195,65,1490,1054,1647,535,775,757,1158,1465,1221,775,1134,1267,788,382,627,582,444,701,442,134,175,35903,16716,9345,377,147,0,5541,3777,35903,13033,22870,22190,10895,780,174,687,598,814,495,491,390,3086,541,1070,298,1020,27048,16066,15965,14907,1058,101,10982,50061.0,21296.0,11701,9816,20939,3979,14055,12556,3260,1228,1668,2627,59.4,6.63,46.56,26.03,0.41,63.7
75225,21965,597,811,818,509,185,52,236,314,668,610,742,816,797,346,572,259,396,490,485,203,283,617,686,821,565,122,176,222,453,746,573,742,1029,723,311,591,417,551,510,653,359,588,21965,20401,110,25,659,23,143,604,21965,21237,728,15685,7217,19,67,0,0,0,19,10,28,173,76,404,131,2999,17259,9442,9442,9163,279,0,7817,180181.0,128159.0,8944,5424,11026,5194,7151,7274,240,76,404,3149,54.71,2.95,92.88,0.5,3.0,3.31
75226,5108,29,43,25,69,0,244,636,407,182,138,161,207,220,26,127,82,0,35,22,22,0,0,110,49,35,47,232,620,246,277,138,110,37,230,15,96,6,22,98,0,0,0,5108,2885,1225,20,124,0,477,377,5108,3542,1566,4160,2265,126,75,72,25,22,89,57,16,407,53,427,105,551,4813,3626,3626,3480,146,0,1187,67612.0,41652.0,2631,360,4396,287,3159,2464,482,125,452,767,75.34,4.03,56.48,23.98,2.43,30.66
75227,58315,2090,2301,2601,1459,1213,1129,2393,1994,1680,1810,1832,1726,1875,973,829,736,330,587,331,176,277,1871,2487,2267,1335,1127,1757,1582,2099,2019,1996,2002,1629,1442,686,1045,539,595,845,444,284,254,58315,21775,16138,310,539,0,3549,16004,58315,21914,36401,35010,17549,813,416,1818,803,744,372,453,558,5709,595,2767,412,1521,43729,27047,26995,25809,1186,52,16682,54743.0,22011.0,18746,16411,34838,5398,22762,19373,6125,2413,3570,3049,61.85,4.39,37.34,27.67,0.92,62.42
75228,68472,2639,2672,3239,1439,1144,1841,2838,2651,1979,2005,2114,2334,1370,1060,965,434,693,577,409,287,279,3024,2826,2337,1142,1446,1570,3021,2248,2487,1822,1806,2326,1610,724,1054,798,666,885,647,410,671,68472,32760,13181,246,1184,36,3618,17447,68472,29955,38517,41170,19995,548,548,1510,741,735,825,535,501,5714,925,2883,800,2591,50957,32962,32945,31094,1851,17,17995,55848.0,26599.0,24158,19318,40415,6756,27631,21579,6262,2435,3624,4951,64.69,5.62,47.84,19.25,1.73,56.25
75229,32885,1297,1316,1048,541,677,483,899,1563,1486,1468,1119,1158,1025,468,596,247,405,440,309,196,142,1012,1192,1205,1069,227,400,774,1048,1298,1147,1259,977,1112,427,470,236,402,426,380,273,225,32885,21501,632,200,1752,0,6253,2547,32885,20125,12760,21975,11521,520,179,527,370,510,88,45,252,2003,247,952,267,2963,25349,18487,18481,17531,950,6,6862,117083.0,68273.0,11442,8680,20081,3681,14196,12338,2182,774,1322,3828,72.93,5.14,65.38,1.92,5.33,38.8
75230,26503,781,306,649,356,324,371,654,852,882,688,680,988,853,260,558,671,548,680,479,391,256,562,532,717,394,66,482,1153,836,1128,510,746,873,1089,329,788,325,661,915,742,423,663,26503,20680,2085,82,1032,6,876,1742,26503,23444,3059,20621,9440,12,37,176,8,4,0,15,32,753,305,1305,280,3178,22747,14338,14333,14046,287,5,8409,109589.0,110788.0,13069,4297,15110,6754,9990,9499,790,481,1313,3462,63.03,2.0,78.03,7.87,3.89,11.54
75231,39158,1746,1112,1633,641,211,1352,2255,2497,1632,1418,1142,1151,1100,248,406,342,528,458,279,147,180,1749,968,932,572,244,1062,2384,2135,1175,1287,1131,919,758,318,331,325,286,381,283,256,242,39158,14915,9545,127,3588,95,5864,5024,39158,25160,13998,25994,13783,478,46,680,240,406,141,272,412,3237,535,1608,750,3461,30433,23168,23168,22224,944,0,7265,50603.0,37624.0,17702,9353,25156,3707,19126,14945,3283,1215,1848,4758,76.13,4.07,38.09,24.38,9.16,35.75
75232,33333,852,1413,925,945,366,476,829,765,866,1039,1072,1357,986,224,351,296,634,1097,401,262,125,752,844,1736,1105,618,319,529,1053,667,1377,1194,748,990,497,638,407,585,1222,934,311,492,33333,8007,16687,158,18,15,3863,4585,33333,18825,14508,21948,10304,352,41,347,329,333,70,108,384,4284,412,1309,383,1144,26006,14341,14341,13731,610,0,11665,52739.0,24607.0,11294,8572,16961,6766,11496,11148,4325,759,1638,1930,55.14,4.25,24.02,50.06,0.05,43.52
75233,15876,505,930,1044,517,250,236,330,359,570,288,641,446,398,186,264,58,77,388,101,51,45,651,856,365,532,200,201,526,543,483,582,646,405,319,113,284,156,249,364,192,119,70,15876,6608,4808,46,98,0,3484,832,15876,6673,9203,9253,4202,151,70,186,89,209,99,26,93,1223,170,675,218,698,11157,7260,7210,6861,349,50,3897,61750.0,25001.0,4809,5400,8270,1870,5819,4472,1293,356,764,1224,65.07,4.84,41.62,30.28,0.62,57.97
75234,33838,1296,996,1290,895,594,825,1498,1455,1346,973,818,931,890,310,482,305,365,439,318,226,208,882,1095,974,639,550,640,1716,1515,995,1146,859,1094,926,620,549,185,716,606,477,290,185,33838,21740,2342,338,2883,0,3287,3248,33838,16368,17470,22443,10564,494,221,330,349,192,127,337,240,2175,374,1296,487,2697,26745,20018,20018,19335,683,0,6727,85105.0,38869.0,12179,8067,20732,4320,14346,11635,2396,704,1645,3503,74.85,3.41,64.25,6.92,8.52,51.63
75235,18936,537,452,366,333,136,649,1700,1182,804,634,488,425,645,81,338,167,201,253,57,62,13,677,506,435,234,84,823,1403,1054,502,645,696,551,313,194,192,95,52,261,34,22,34,18936,10972,2749,180,1653,0,1463,1919,18936,10136,8800,13098,7050,103,163,438,75,110,282,54,241,1496,268,603,380,1458,15718,11818,11818,10892,926,0,3900,57744.0,34743.0,8904,3540,13539,1251,10084,7448,1659,706,678,2230,75.19,7.84,57.94,14.52,8.73,46.47
75236,18249,524,1101,870,435,322,427,593,269,690,574,403,430,307,235,181,88,208,174,31,6,99,784,881,840,387,111,449,1042,818,606,589,689,799,446,293,137,174,192,314,114,140,109,18249,4961,7763,160,233,0,2998,2134,18249,10106,8143,10750,4288,366,87,271,119,230,51,94,123,1044,323,436,378,580,12991,9283,9259,8549,710,24,3708,45739.0,25072.0,6747,5822,10410,1649,7502,4871,1131,594,555,1239,71.46,7.67,27.19,42.54,1.28,44.62
75237,19530,1091,905,1050,455,308,324,648,629,822,414,565,284,178,143,251,97,131,73,12,31,38,1055,796,903,330,123,574,1062,1076,736,757,622,515,794,177,253,140,93,190,147,57,38,19530,1751,15462,24,24,0,1349,920,19530,16011,3519,10973,4316,221,53,24,35,14,162,291,27,1536,250,807,299,522,13501,9554,9528,8978,550,26,3947,38552.0,20831.0,7959,6585,11255,1047,8130,4855,1589,274,842,997,70.77,5.77,8.97,79.17,0.12,18.02
75238,32180,1372,1411,737,627,132,730,1198,1310,1610,1523,765,645,759,321,551,220,236,356,225,178,329,1688,1085,1129,638,199,475,1118,1119,1463,1359,985,965,662,409,622,453,244,483,388,402,562,32180,19335,5461,227,1596,13,2701,2847,32180,24828,7352,21460,10226,205,155,305,87,50,150,21,195,1625,301,1230,465,3296,24365,17780,17674,17246,428,106,6585,71352.0,50446.0,13108,8687,18920,4076,14060,10647,1780,606,1317,3961,72.97,2.42,60.08,16.97,4.96,22.85
75240,26058,1395,902,996,723,249,629,1497,1249,1095,859,1129,464,769,291,242,120,113,174,102,51,112,898,965,813,299,805,651,909,748,1082,1005,586,624,699,289,535,184,99,263,285,145,286,26058,8469,4909,65,510,0,9365,2740,26058,10817,15241,16006,8267,319,439,851,95,213,28,29,104,1845,262,901,501,1834,19723,14776,14769,13534,1235,7,4947,51607.0,33060.0,10496,6991,16406,1934,11247,8719,2284,1113,996,2576,74.92,8.36,32.5,18.84,1.96,58.49
75241,33081,959,1133,1707,760,466,305,1235,947,1103,1147,669,834,871,360,432,274,272,526,343,253,149,833,1667,1720,785,517,516,1139,922,1176,1066,1016,804,1267,517,649,287,273,829,592,379,323,33081,5264,21797,272,204,0,3672,1872,33081,24403,8678,20654,9415,303,34,456,312,302,463,609,115,3361,659,1524,377,631,24640,12063,12046,11413,633,17,12577,45356.0,18499.0,10554,9564,17958,4500,12058,10442,3395,1115,1836,1773,48.96,5.25,15.91,65.89,0.62,26.23
75243,63047,2285,2132,2015,885,491,1661,2651,2568,2613,2646,2099,2139,1668,595,761,372,537,967,573,215,303,2840,2175,1705,752,675,1984,3347,2618,3033,2091,2023,1987,1447,593,685,604,737,795,576,287,442,63047,18691,28639,157,4901,32,5106,5521,63047,49741,13306,41972,20707,650,225,312,225,344,265,204,682,4400,1069,3580,1464,4205,49268,35228,35209,32871,2338,19,14040,47319.0,31779.0,27520,14789,40375,6408,29815,22243,4625,1381,3805,6278,71.5,6.64,29.65,45.42,7.77,21.1
75244,12734,301,203,324,150,102,285,752,526,603,441,448,332,413,122,178,129,110,238,99,81,156,359,469,332,330,26,246,551,569,532,462,420,391,303,176,233,113,187,277,215,219,124,12734,8361,1122,94,1202,0,552,1403,12734,10286,2448,9400,4628,84,0,59,3,79,0,0,52,352,131,408,192,2079,10507,8028,8020,7643,377,8,2479,109440.0,72073.0,5726,2468,8111,1948,6027,4764,352,190,411,2350,76.41,4.7,65.66,8.81,9.44,19.22
75246,2265,31,63,34,24,0,27,101,258,51,92,112,29,164,32,83,0,82,108,6,0,0,68,68,20,0,32,54,73,100,76,91,61,20,49,32,65,10,0,102,11,0,36,2265,1212,542,13,65,0,119,314,2265,1532,733,1844,1118,59,0,22,36,158,25,2,0,213,18,39,266,185,1965,1325,1313,1309,4,12,640,42429.0,33686.0,1254,308,1602,355,1064,1179,213,40,75,634,67.43,0.3,53.51,23.93,2.87,32.36
75247,992,0,25,25,9,0,0,0,150,26,19,20,65,132,28,98,31,13,52,0,0,0,0,0,8,0,0,0,0,0,9,32,0,0,0,0,0,0,57,37,16,112,0,992,380,436,20,0,0,91,65,992,760,232,897,634,0,0,0,61,20,18,70,30,177,60,166,11,21,925,323,323,242,81,0,602,18750.0,10083.0,341,67,579,318,321,734,177,60,227,70,34.92,25.08,38.31,43.95,0.0,23.39
75248,37282,922,1057,851,590,240,1086,1604,1633,1246,1506,1246,996,826,531,532,327,513,821,597,319,423,1143,1115,980,694,213,529,1623,1536,1180,1352,1192,1315,1375,424,654,635,531,755,742,484,581,37282,25359,3650,169,1888,19,2770,3427,37282,31033,6249,27499,13120,19,35,106,13,21,55,79,105,1264,632,1702,539,4555,30831,22232,22232,21430,802,0,8599,98584.0,68765.0,16721,7352,22839,6728,16429,13323,1299,738,1715,5170,72.11,3.61,68.02,9.79,5.06,16.76
75249,17853,711,1190,1087,248,263,284,807,658,370,267,935,647,145,99,384,198,46,267,101,7,46,1096,773,370,177,225,424,734,690,695,686,463,544,408,188,331,152,138,324,26,196,32,17853,4169,8851,163,592,0,1984,2094,17853,10881,6972,10584,4977,269,0,30,43,122,76,34,177,1334,472,914,249,875,12480,9185,9185,8707,478,0,3295,79162.0,28741.0,5226,5652,10247,1533,7496,5457,1334,502,957,1322,73.6,5.2,23.35,49.58,3.32,39.05
75251,3801,25,44,30,0,0,106,177,451,213,383,20,83,37,39,0,0,0,26,0,67,56,136,0,93,71,0,527,326,371,43,62,46,52,86,0,0,0,41,58,19,30,37,3801,1801,1620,16,129,0,39,196,3801,3245,556,2723,1552,0,0,0,0,0,0,0,61,114,56,223,71,887,3473,2844,2844,2811,33,0,629,85294.0,52892.0,2262,399,3022,334,2227,1613,114,56,223,958,81.89,1.16,47.38,42.62,3.39,14.63
75252,27541,792,653,445,709,132,724,1635,1239,748,777,727,606,835,328,528,368,240,665,322,304,299,824,627,512,482,199,836,1683,970,766,827,705,820,1216,336,540,289,416,617,542,315,426,27541,15397,3245,43,5192,21,1212,2431,27541,23545,3996,20089,9621,183,16,43,0,66,0,16,71,876,298,984,612,3314,23181,15890,15890,14952,938,0,7291,77147.0,58682.0,12617,5044,17177,4803,11503,9891,892,341,984,3992,68.55,5.9,55.91,11.78,18.85,14.51
75253,24411,892,1512,1322,878,529,486,838,862,477,610,739,1049,484,361,113,82,130,159,156,0,24,1265,1003,1272,670,523,523,854,1044,798,945,779,349,447,184,78,275,190,171,44,36,78,24411,12875,3266,142,258,0,2029,5841,24411,7429,16982,12356,6084,499,163,598,245,391,196,286,171,2014,353,614,97,240,16729,10955,10955,10552,403,0,5774,51642.0,18481.0,6699,8814,13072,1345,9344,7040,2177,951,859,924,65.49,3.68,52.74,13.38,1.06,69.57
75254,24316,1290,613,515,302,272,806,1691,1403,765,934,805,609,517,90,218,180,311,180,176,79,66,1030,639,605,282,195,537,2150,1210,714,844,813,610,413,149,450,130,295,298,98,105,223,24316,10933,5315,7,1589,48,4061,2363,24316,16185,8131,16526,8024,82,64,76,96,317,102,21,84,1084,157,1432,417,2541,19575,16133,16103,15381,722,30,3442,70901.0,47901.0,11663,5276,16195,2141,12548,8211,1148,233,1528,3377,82.42,4.48,44.96,21.86,6.53,33.44
75261,0,0,0,0,0,0,0,0,0,0,0,0,0,0,0,0,0,0,0,0,0,0,0,0,0,0,0,0,0,0,0,0,0,0,0,0,0,0,0,0,0,0,0,0,0,0,0,0,0,0,0,0,0,0,0,0,0,0,0,0,0,0,0,0,0,0,0,0,0,0,0,0,0,0,0,0,,,0,0,0,0,0,0,0,0,0,0,0.0,0.0,0.0,0.0,0.0,0.0
75270,0,0,0,0,0,0,0,0,0,0,0,0,0,0,0,0,0,0,0,0,0,0,0,0,0,0,0,0,0,0,0,0,0,0,0,0,0,0,0,0,0,0,0,0,0,0,0,0,0,0,0,0,0,0,0,0,0,0,0,0,0,0,0,0,0,0,0,0,0,0,0,0,0,0,0,0,,,0,0,0,0,0,0,0,0,0,0,0.0,0.0,0.0,0.0,0.0,0.0
75287,52240,1311,1137,1243,662,599,980,3426,2974,2134,2452,1617,1336,1334,392,774,378,341,564,395,92,45,2071,1041,1013,760,171,1532,3339,3958,2509,1749,1703,1392,1176,625,728,359,953,992,489,124,291,52240,24572,12847,577,4120,0,5405,4719,52240,37286,14954,38641,18254,171,41,103,147,160,66,233,200,3659,532,3259,1111,5757,43901,33545,33523,32027,1496,22,10356,60256.0,48295.0,26763,9238,36900,5023,28589,18858,3700,635,3406,7094,76.41,4.46,47.04,24.59,7.89,28.63
75390,0,0,0,0,0,0,0,0,0,0,0,0,0,0,0,0,0,0,0,0,0,0,0,0,0,0,0,0,0,0,0,0,0,0,0,0,0,0,0,0,0,0,0,0,0,0,0,0,0,0,0,0,0,0,0,0,0,0,0,0,0,0,0,0,0,0,0,0,0,0,0,0,0,0,0,0,,,0,0,0,0,0,0,0,0,0,0,0.0,0.0,0.0,0.0,0.0,0.0
75401,21000,701,830,1050,306,139,447,748,796,829,673,633,951,363,352,504,197,313,315,158,336,70,518,1057,536,244,227,536,859,741,469,509,470,582,596,223,369,202,275,745,235,154,378,21000,13168,2754,126,64,0,2812,2076,21000,14460,6540,14045,7238,201,9,228,109,219,186,248,321,2857,504,1061,347,576,16026,10378,10378,9686,692,0,5648,51882.0,24960.0,7883,5242,12016,3378,8260,8008,2866,732,1170,1328,64.76,6.67,62.7,13.11,0.3,31.14
75402,20299,551,863,730,511,162,624,994,917,641,499,557,354,433,141,441,233,361,379,240,184,159,589,344,704,458,115,317,810,813,607,586,682,518,567,397,532,172,297,359,327,278,414,20299,16041,1772,113,334,0,388,1651,20299,17747,2552,13892,6533,82,0,0,16,36,45,118,140,2254,395,1278,328,1233,16224,10379,10356,9818,538,23,5845,78277.0,38827.0,7406,4750,11707,3403,7978,6873,2254,395,1294,1642,63.97,5.2,79.02,8.73,1.65,12.57
75407,26607,1039,1023,1268,478,654,446,991,885,1233,1152,1052,736,444,185,599,105,233,441,290,133,81,667,1424,1002,636,382,500,833,984,995,1015,975,608,702,104,582,198,234,265,163,120,112,26607,17953,3825,296,980,0,1323,2230,26607,18519,8088,16450,8560,77,47,121,114,165,229,83,168,3079,710,1260,900,1253,20094,14013,14013,13714,299,0,6081,87839.0,34247.0,8574,7537,16057,2375,11459,8888,3126,831,1374,2547,69.74,2.13,67.47,14.38,3.68,30.4
75409,22249,890,571,736,557,28,884,644,1064,993,703,513,769,865,299,86,134,32,348,187,53,9,813,910,827,562,310,453,1068,1361,818,850,277,1043,829,352,198,21,170,288,148,26,55,22249,17251,3208,153,282,0,428,927,22249,17421,4828,14203,6699,19,0,318,97,2,143,63,75,1639,562,631,473,2174,17129,11990,11990,11642,348,0,5139,89444.0,36884.0,7456,5866,14407,1471,10103,6856,1639,880,728,2792,70.0,2.9,77.54,14.42,1.27,21.7
75422,2826,25,48,89,27,51,23,44,61,28,87,153,157,168,13,52,2,20,90,27,26,23,61,114,122,116,21,9,62,57,173,62,136,193,100,21,61,30,76,44,70,8,53,2826,2510,44,8,50,0,102,112,2826,2668,158,2097,951,17,0,22,20,6,13,16,25,385,72,140,31,94,2326,1338,1338,1216,122,0,988,65093.0,35726.0,1134,602,1732,469,1213,1009,385,94,160,144,57.52,9.12,88.82,1.56,1.77,5.59
75423,3024,48,133,149,74,80,87,70,72,64,132,144,52,98,51,71,28,2,73,139,49,20,62,130,134,37,9,28,90,98,46,84,133,108,45,18,65,5,15,81,100,22,51,3024,2598,6,5,0,0,201,214,3024,2605,419,2026,1065,5,0,10,0,5,4,9,74,410,120,257,55,95,2313,1339,1334,1266,68,5,974,55288.0,27892.0,1091,767,1645,585,1093,1153,410,130,257,159,57.89,5.1,85.91,0.2,0.0,13.86
75424,3483,137,118,157,27,38,5,72,99,87,144,134,105,133,16,149,35,31,72,23,18,12,87,133,166,100,73,8,109,66,106,86,108,182,68,22,109,94,76,52,101,29,12,3483,2962,2,5,3,0,272,239,3483,2697,786,2350,1130,95,18,5,4,8,23,14,2,364,149,199,123,96,2659,1647,1647,1608,39,0,1012,85364.0,34281.0,1204,925,1919,555,1298,1241,382,154,203,250,61.94,2.37,85.04,0.06,0.09,22.57
75428,11398,351,289,214,52,496,367,345,335,313,291,245,320,259,44,170,107,32,164,87,68,50,443,346,366,161,730,533,309,433,262,245,444,317,196,99,99,71,148,190,209,66,54,11398,7036,2062,142,279,8,974,897,11398,9328,2070,5972,2830,1,0,60,56,22,39,71,55,789,305,502,274,328,9314,5485,5477,5140,337,8,3829,51205.0,22174.0,3812,2222,6852,1246,3859,2957,789,365,558,663,58.89,6.15,61.73,18.09,2.45,18.16
75429,0,0,0,0,0,0,0,0,0,0,0,0,0,0,0,0,0,0,0,0,0,0,0,0,0,0,0,0,0,0,0,0,0,0,0,0,0,0,0,0,0,0,0,0,0,0,0,0,0,0,0,0,0,0,0,0,0,0,0,0,0,0,0,0,0,0,0,0,0,0,0,0,0,0,0,0,,,0,0,0,0,0,0,0,0,0,0,0.0,0.0,0.0,0.0,0.0,0.0
75442,10571,255,256,366,325,0,196,44,610,440,260,449,426,285,258,106,97,204,194,167,52,38,419,303,220,313,146,93,363,305,378,174,438,240,425,150,271,95,111,278,347,136,118,10571,8539,576,51,31,128,580,666,10571,8977,1594,7459,3630,49,0,0,15,0,98,19,44,1068,472,789,193,720,8563,4936,4925,4621,304,11,3627,81839.0,38104.0,3902,2457,6057,1837,4127,3742,1068,472,804,1011,57.64,6.17,80.78,5.45,0.29,15.08
75453,3173,141,39,436,53,1,4,76,89,104,64,39,218,75,53,40,22,89,26,46,5,3,85,62,216,8,64,22,52,110,183,118,62,138,78,61,27,7,31,32,29,33,23,3173,3012,5,26,2,0,0,128,3173,2673,500,1933,949,8,0,0,0,10,15,48,31,320,72,191,58,157,2161,1525,1525,1396,129,0,636,98518.0,34950.0,1119,1040,1678,346,1253,1036,320,72,191,240,70.57,8.46,94.93,0.16,0.06,15.76
75454,17241,739,894,829,326,0,152,349,554,1023,660,751,663,241,334,166,41,149,180,151,0,252,903,640,708,421,369,183,342,867,519,1008,783,328,458,85,152,13,211,149,88,45,102,17241,12183,2086,13,950,0,207,1802,17241,15392,1849,10664,5514,29,0,0,14,82,0,0,122,775,296,855,377,2175,12275,8792,8792,8434,358,0,3483,137903.0,45129.0,5421,5460,9987,1381,7847,5665,775,296,869,2634,71.63,4.07,70.66,12.1,5.51,10.72
75474,16586,470,370,416,341,310,300,327,328,351,461,430,558,593,379,670,242,274,474,260,192,98,513,341,610,428,286,319,354,367,332,518,453,605,842,414,376,336,218,419,166,204,236,16586,14449,190,109,288,4,500,1046,16586,13781,2805,11477,5637,16,3,109,245,152,256,222,139,2167,480,615,460,559,13678,7558,7540,7131,409,18,6120,62461.0,31209.0,6209,3489,9573,3119,5084,6014,2170,589,860,1427,55.26,5.42,87.12,1.15,1.74,16.91
75496,3462,81,115,108,92,9,44,79,74,51,135,29,68,62,62,108,32,34,211,75,24,10,80,145,96,75,41,55,62,86,110,97,189,106,87,46,96,21,103,213,35,36,43,3462,3132,111,22,0,0,112,85,3462,3138,324,2384,1054,6,0,0,60,38,15,16,20,387,109,118,125,103,2783,1625,1625,1583,42,0,1158,71250.0,31710.0,1224,792,1696,837,1086,1096,387,109,178,281,58.39,2.58,90.47,3.21,0.0,9.36
76001,38010,1086,1995,1942,739,310,381,1378,1019,927,1306,1049,1179,1055,683,396,646,513,438,281,154,82,1122,1521,1683,1280,696,791,1256,1103,1372,1335,1488,990,1172,708,940,300,541,512,308,112,174,38010,20080,9479,278,1836,563,3399,2375,38010,30199,7811,23417,11106,107,65,0,122,14,144,177,115,2565,801,1540,834,3248,28106,19369,19355,18423,932,14,8737,101311.0,37075.0,11522,11368,21534,4061,14402,11505,2630,801,1662,4240,68.91,4.82,52.83,24.94,4.83,20.55
76002,33076,858,1062,1424,987,565,791,783,925,1268,1040,1304,1150,926,579,329,102,85,256,172,32,8,1526,820,1655,928,597,582,1573,1545,963,1712,1410,1221,877,554,307,142,247,428,95,86,88,33076,11715,11778,88,4153,12,2245,3085,33076,25970,7106,20207,8959,474,8,9,31,170,27,23,183,2011,1014,1279,796,2187,25160,18907,18733,17300,1433,174,6253,102369.0,35793.0,9606,9260,21001,1741,14894,9639,2019,1023,1310,3180,75.15,7.65,35.42,35.61,12.56,21.48
76005,4899,257,342,251,129,43,82,139,182,172,142,419,164,90,79,78,28,69,48,17,13,0,101,67,254,50,50,28,109,187,350,106,238,88,154,0,96,47,27,49,67,24,0,4899,2518,491,0,1525,0,52,313,4899,4500,399,3182,1640,71,0,0,0,0,12,0,7,91,39,76,63,547,3627,2765,2765,2685,80,0,862,191250.0,72138.0,1596,1451,2996,389,2296,1718,91,39,76,622,76.23,2.89,51.4,10.02,31.13,8.14
76006,24072,476,568,553,306,266,612,1716,1141,1080,817,368,1213,593,231,276,118,428,269,130,65,0,1035,610,424,379,436,1034,1384,1280,575,809,767,903,632,520,194,254,119,498,81,133,38,24072,9259,9682,102,1421,0,855,2753,24072,18503,5569,16632,8445,79,0,191,10,114,60,49,128,1672,419,1779,761,2013,20199,16180,16169,15304,865,11,4019,56312.0,41181.0,12094,4351,16847,2133,12053,8701,1672,610,1789,2948,80.1,5.35,38.46,40.22,5.9,23.13
76008,23084,1068,1203,836,496,84,288,278,642,1132,966,639,890,632,312,381,204,255,355,277,94,178,815,829,1154,602,154,94,745,772,1242,893,623,675,638,318,336,215,212,533,251,213,62,23084,20621,234,114,209,16,557,1333,23084,20565,2519,14963,7235,25,0,90,0,0,10,0,20,1050,324,873,536,2552,16690,11551,11500,11237,263,51,5139,154054.0,58802.0,7536,7003,12734,2849,9497,7280,1050,414,873,3098,69.21,2.29,89.33,1.01,0.91,10.91
76009,19879,517,1184,465,459,83,442,492,719,660,709,764,552,604,319,255,253,472,362,299,74,61,673,604,689,499,348,547,734,509,700,413,661,548,901,188,252,205,214,397,275,159,50,19879,15597,759,60,46,0,1267,2150,19879,12090,7789,12801,6595,292,55,105,214,148,208,179,360,2741,267,685,613,438,15381,9033,9033,8781,252,0,6348,71996.0,28670.0,6474,5090,11400,2821,7461,7426,2796,372,899,1407,58.73,2.79,78.46,3.82,0.23,39.18
76010,57197,2546,2611,2254,1425,1056,1988,2387,2433,1946,1892,2253,833,1458,496,519,470,312,443,472,121,147,2352,2357,2586,1240,1559,1511,1887,2158,2150,1569,1590,1189,1123,331,445,540,246,571,423,328,222,57197,17626,9911,445,2558,563,10061,16033,57197,22959,34238,30954,16182,790,349,1467,594,1464,646,629,846,4639,532,1387,1075,1230,41495,27646,27569,25678,1891,77,13849,42571.0,18427.0,18520,17371,32773,4295,22287,18447,4988,1999,1981,4415,66.62,6.86,30.82,17.33,4.47,59.86
76011,22529,1094,734,661,316,115,759,1602,1306,961,783,571,638,381,149,307,123,206,254,87,83,48,552,868,554,368,166,489,1727,1233,758,724,444,551,592,146,222,143,221,409,221,131,101,22529,9308,7748,53,495,0,1549,3376,22529,14048,8481,15122,7499,138,173,233,191,331,84,176,192,1469,472,1175,739,1385,17857,13268,13268,12543,725,0,4589,50200.0,30267.0,10211,5147,14624,2027,11298,8005,1642,705,1366,2539,74.3,5.46,41.32,34.39,2.2,37.64
76012,27769,848,852,1153,375,287,580,1010,1045,740,624,583,776,1098,315,385,352,407,443,522,398,343,749,1072,554,489,281,622,725,680,889,1177,921,1130,871,274,536,361,593,644,610,381,497,27769,16848,3973,10,687,92,1111,5048,27769,19226,8543,19330,9041,54,13,118,80,78,95,189,93,1941,616,1389,641,2200,22261,14308,14245,13940,305,63,7953,80972.0,44000.0,10722,6092,15549,5551,10300,9377,1954,734,1469,3014,64.27,2.14,60.67,14.31,2.47,30.76
76013,35535,985,1175,1148,332,791,841,1995,1229,956,900,904,716,989,387,293,449,380,548,354,169,227,831,1089,1016,582,1221,1617,1482,1366,1033,976,758,1044,853,539,572,375,358,547,514,420,704,35535,23057,5061,192,2806,0,1587,2832,35535,29519,6016,22037,10496,6,52,104,81,127,161,127,151,2267,706,1421,833,2716,28914,19140,19140,18018,1122,0,9774,64585.0,34266.0,13274,7158,21462,5045,13359,10780,2319,810,1502,3837,66.2,5.86,64.89,14.24,7.9,16.93
76014,32805,1236,1546,1443,867,654,707,1244,1485,1033,887,1084,1177,640,351,253,610,314,379,234,106,147,1180,1083,1353,553,501,741,1262,1408,1400,1053,659,1040,733,296,628,306,325,366,213,105,247,32805,9771,8453,144,2816,69,5574,5978,32805,19091,13714,19985,9944,601,203,340,545,315,121,211,453,3056,830,1179,362,1301,24653,16647,16576,15608,968,71,8006,60894.0,24524.0,10687,9261,19236,3352,13732,11209,3259,1170,1724,2099,67.53,5.84,29.79,25.77,8.58,41.8
76015,17474,517,566,567,288,321,418,970,879,417,417,359,461,617,269,110,139,207,273,108,167,38,766,514,584,427,130,474,946,707,523,479,541,437,560,201,274,80,258,360,206,130,200,17474,8792,3587,48,1066,56,1602,2323,17474,12721,4753,11333,5431,197,27,15,22,28,10,99,127,1493,432,1051,365,1141,13645,9648,9610,9076,534,38,3997,69805.0,31939.0,6358,4229,10510,2166,7136,5854,1520,447,1073,1544,70.71,5.56,50.31,20.53,6.1,27.2
76016,31079,896,1051,1048,617,569,427,695,944,1022,1035,1144,866,1272,324,589,249,479,791,554,265,150,612,953,1006,527,361,660,768,889,753,1307,1142,989,914,584,748,281,637,998,577,219,348,31079,21369,3593,45,1620,152,1068,3232,31079,26192,4887,21533,10379,69,38,11,77,70,20,107,110,2211,706,2031,771,2769,25224,16312,16287,15288,999,25,8912,103605.0,42868.0,10903,6710,18002,5548,11554,10665,2249,717,2108,3630,64.67,6.13,68.76,11.56,5.21,15.72
76017,46361,1010,1390,1491,1040,1309,1005,1925,1731,1195,1738,1402,1297,1532,569,802,527,518,842,498,183,154,1025,1155,1593,1300,864,1087,1229,1362,1448,1733,1897,1320,1617,743,855,616,708,1311,624,378,251,46361,26844,9853,253,2969,20,2358,4064,46361,38296,8065,31005,14913,515,42,18,77,44,137,39,180,3420,1337,2536,1627,3554,37682,26630,26630,25257,1373,0,11052,89930.0,39372.0,15895,10004,28660,6610,18277,15647,3462,1355,2613,5362,70.67,5.16,57.9,21.25,6.4,17.4
76018,27827,837,944,1308,1301,311,729,1130,1018,555,952,785,963,624,353,281,278,181,261,122,50,13,1017,1240,737,763,509,777,1076,833,952,1452,1112,1001,499,474,493,101,389,236,166,264,50,27827,11296,6536,371,5051,0,1923,2650,27827,19022,8805,16664,7566,404,54,53,22,135,64,164,413,2094,696,1277,441,1351,21371,16042,16042,15244,798,0,5329,83815.0,30043.0,8268,8147,16879,2111,11829,8547,2148,749,1299,1991,75.06,4.97,40.59,23.49,18.15,31.64
76020,32937,1179,1253,944,898,351,459,1023,1021,957,935,1391,880,1350,649,617,395,305,704,411,135,174,1130,734,1192,522,306,631,1113,1072,1194,1071,970,1352,971,681,741,427,376,640,597,494,209,32937,28542,342,116,159,0,966,2812,32937,27384,5553,22855,10947,204,58,40,336,106,183,285,265,3151,838,1990,1209,1722,26106,16925,16849,16233,616,76,9181,87923.0,38906.0,12132,7852,19735,4867,12979,11701,3209,878,2326,3220,64.83,3.66,86.66,1.04,0.48,16.86
76021,34858,1041,964,1067,819,111,829,1403,1501,1546,1037,1122,910,1210,576,579,300,471,767,507,156,238,1209,881,673,424,242,462,1125,1411,1359,1048,1083,1150,1205,456,798,351,625,903,584,477,295,34858,24611,2988,180,2071,173,757,4078,34858,29473,5385,25193,12323,64,27,0,30,36,7,83,204,2041,1092,1992,1207,3735,28574,20226,20214,19233,981,12,8348,84539.0,45338.0,14761,7078,21163,5674,14695,12674,2068,1092,2022,4985,70.78,4.85,70.6,8.57,5.94,15.45
76022,14632,709,384,446,198,182,242,396,402,571,466,297,511,322,266,119,114,161,241,153,157,54,579,632,149,390,291,156,646,506,551,456,550,500,381,194,315,147,163,202,303,340,259,14632,8476,2872,15,1023,0,905,1341,14632,11209,3423,9743,4230,38,0,0,6,76,171,25,25,960,569,714,552,868,11568,7847,7847,7595,252,0,3721,70286.0,33250.0,5709,3487,8320,2294,5852,4318,960,569,720,1667,67.83,3.21,57.93,19.63,6.99,23.39
76023,7227,137,189,391,176,81,101,186,249,189,226,195,242,214,249,206,134,117,129,94,22,8,221,196,197,123,85,161,246,210,231,96,334,185,233,306,146,96,201,112,65,25,42,7227,6720,22,26,0,0,210,249,7227,6597,630,4988,2460,39,10,10,62,71,89,7,34,898,252,440,105,421,5871,3932,3932,3862,70,0,1939,83750.0,35786.0,2491,1630,4371,1045,2589,2540,908,262,502,686,66.97,1.78,92.98,0.3,0.0,8.72
76028,76343,2573,2855,3120,1924,773,1092,1928,2169,3186,2512,2765,2613,2477,677,1148,689,1099,1126,644,606,363,2329,3142,3313,1585,650,1109,2594,2253,3437,2954,2008,2591,2320,972,1019,1016,883,1600,904,869,848,76343,60819,4297,207,1229,3,2078,7710,76343,61225,15118,50270,24002,220,0,361,161,196,473,239,565,6731,2080,4246,2133,4306,57829,38833,38743,37422,1321,90,18996,93314.0,39178.0,26150,20841,43247,10647,31010,25026,6731,2441,4407,7108,67.15,3.41,79.67,5.63,1.61,19.8
76031,18108,376,554,993,483,298,442,590,508,551,791,454,776,677,126,275,153,382,294,281,66,71,648,556,629,463,454,181,417,594,592,464,499,475,737,267,386,113,284,314,263,133,73,18108,15540,578,70,88,23,654,1155,18108,13145,4963,11606,5995,215,252,177,124,121,256,134,120,2486,369,808,256,481,14034,8102,8102,7681,421,0,5932,68203.0,25764.0,5858,4702,10554,2427,6711,6464,2738,546,932,1114,57.73,5.2,85.82,3.19,0.49,27.41
76033,27664,1267,938,922,798,458,433,1159,800,746,970,855,539,1182,310,510,257,239,467,501,314,186,1001,759,798,291,338,363,855,958,754,916,719,824,946,383,370,359,455,623,498,497,471,27664,21318,1385,242,211,0,1175,3333,27664,21108,6556,18663,9035,114,97,104,99,77,102,372,266,3520,824,1168,741,1052,21672,13225,13208,12919,289,17,8447,65488.0,32505.0,10340,6774,15388,4867,10095,9787,3617,928,1267,1972,61.02,2.19,77.06,5.01,0.76,23.7
76034,25793,565,908,1355,900,373,281,445,395,521,878,1037,1143,899,734,469,545,482,909,272,305,110,482,614,858,356,189,97,295,324,557,874,1183,1209,1256,713,583,236,459,837,388,240,142,25793,20571,998,74,1944,0,124,2082,25793,23709,2084,18440,9144,0,21,0,0,0,0,0,0,518,305,914,617,4027,20472,13087,13087,12596,491,0,7385,196034.0,91570.0,9225,6038,14455,4925,8861,9144,539,305,914,4644,63.93,3.75,79.75,3.87,7.54,8.08
76035,3101,114,73,302,127,20,25,21,91,218,109,32,117,62,23,110,29,63,47,2,69,1,128,114,79,70,49,67,46,94,169,31,45,69,94,83,43,45,41,50,39,13,0,3101,2418,352,2,14,0,80,235,3101,2865,236,1856,994,11,0,44,2,4,3,1,76,245,86,161,84,214,2209,1439,1435,1424,11,4,770,112983.0,42204.0,959,1007,1618,399,1042,1082,245,130,163,305,65.14,0.77,77.97,11.35,0.45,7.61
76036,30489,813,1086,1753,1027,673,381,1048,946,1042,1091,694,1012,702,246,333,225,567,440,255,298,99,981,886,1113,685,691,463,954,1153,1348,956,1133,754,923,207,431,172,297,846,533,307,123,30489,17628,6338,119,581,0,1114,4709,30489,21683,8806,19135,8998,122,18,67,74,43,328,87,115,2627,517,1747,801,1796,23071,15429,15264,14459,805,165,7642,89393.0,35509.0,9920,8344,17181,4162,12131,9322,2645,584,1821,2968,66.88,5.27,57.82,20.79,1.91,28.88
76039,41045,922,1528,1295,932,420,1519,2043,2120,1575,1427,1526,1065,1051,604,827,222,261,569,399,154,50,1256,773,1706,712,248,935,1749,2273,1562,1629,966,1602,955,466,474,321,541,786,488,141,204,41045,21413,6620,354,5439,447,1982,4790,41045,33977,7068,28050,13893,247,5,43,35,277,62,38,164,2611,770,2299,1511,3819,32915,25857,25857,24478,1379,0,7058,80176.0,42469.0,17107,9124,27036,4136,19537,14342,2616,813,2334,5669,78.56,5.33,52.17,16.13,13.25,17.22
76040,30708,1332,1094,1146,481,453,519,1185,1189,959,932,1354,811,1311,342,422,131,281,403,246,182,118,1207,1269,926,534,306,635,1355,1328,1021,1127,892,1182,888,381,312,102,444,556,234,65,150,30708,13761,6961,48,4221,493,1132,4092,30708,23833,6875,19903,9866,96,29,200,131,51,115,71,229,2449,637,2189,808,2069,23393,17215,17215,16472,743,0,6178,65698.0,31743.0,11654,7989,18904,2912,13335,10262,2478,837,2320,3043,73.59,4.32,44.81,22.67,13.75,22.39
76041,772,0,11,0,0,0,160,0,52,0,14,99,46,0,20,0,0,0,29,11,0,0,0,22,22,11,0,0,15,0,114,0,40,0,0,0,22,0,0,42,42,0,0,772,728,0,0,0,0,44,0,772,355,417,546,271,0,0,0,0,0,0,0,0,113,29,70,31,28,717,575,575,564,11,0,142,154427.0,46252.0,267,66,582,124,380,271,113,29,70,59,80.2,1.91,94.3,0.0,0.0,54.02
76043,7281,113,153,192,156,22,122,70,205,385,225,167,407,157,166,122,48,267,102,151,40,69,91,46,478,262,67,90,118,188,331,258,162,286,278,79,346,48,185,192,35,65,149,7281,5636,123,28,50,0,446,998,7281,5621,1660,5301,2581,38,0,0,55,8,31,41,9,848,244,340,140,682,6009,3957,3957,3781,176,0,2052,75764.0,40711.0,2619,1491,4251,1351,2802,2669,848,244,395,861,65.85,4.45,77.41,1.69,0.69,22.8
76044,7644,325,270,251,112,184,137,223,151,451,348,139,194,245,50,84,75,172,108,18,85,42,286,229,320,172,116,197,150,348,338,317,181,252,255,40,42,232,125,125,99,16,32,7644,6345,382,54,194,0,126,543,7644,6158,1486,4937,2385,27,22,21,129,11,18,40,0,859,222,318,263,290,5902,3988,3988,3847,141,0,1914,88795.0,35023.0,2594,1965,4442,1129,3092,2452,881,243,447,582,67.57,3.54,83.01,5.0,2.54,19.44
76048,27005,747,550,958,480,168,420,787,751,509,642,957,942,815,461,396,558,371,821,542,439,240,668,637,923,688,261,574,746,783,568,648,941,734,917,470,539,545,498,789,631,568,606,27005,23234,313,215,206,17,418,2602,27005,22698,4307,19214,9231,113,24,181,170,173,49,144,166,2663,842,1338,821,1695,22118,11971,11971,11362,609,0,10147,61728.0,36145.0,11084,5651,14029,6608,9008,9654,2687,1023,1508,2738,54.12,5.09,86.04,1.16,0.76,15.95
76049,29301,414,792,743,574,339,345,650,675,815,696,674,638,1428,550,440,382,617,1479,749,546,366,851,573,794,403,261,423,837,709,796,870,647,918,1431,518,667,589,873,1312,663,568,429,29301,26931,68,91,320,0,393,1498,29301,26069,3232,22532,10705,113,22,0,20,74,129,100,78,2890,891,1817,808,2395,24668,13368,13368,12405,963,0,11300,96674.0,49196.0,11875,5144,15327,8573,8925,10996,2912,891,1837,3406,54.19,7.2,91.91,0.23,1.09,11.03
76050,7395,215,125,347,176,65,267,168,346,129,195,198,341,357,176,89,96,189,64,201,20,22,37,160,372,125,82,27,90,307,182,285,180,268,178,202,208,108,106,259,89,69,109,7395,6880,64,3,0,14,134,300,7395,6481,914,5231,2591,41,0,16,73,82,126,66,59,965,236,256,280,313,6006,3740,3740,3657,83,0,2266,80858.0,34707.0,2624,1557,4340,1332,2689,2757,965,252,329,801,62.27,2.22,93.04,0.87,0.0,12.36
76051,50303,1278,1618,1584,859,681,1411,1943,1806,1972,1639,1420,2030,2123,1026,982,474,747,886,448,179,224,1362,1524,1361,750,420,693,1957,1772,1336,1531,2114,1865,2131,826,868,496,652,763,764,406,474,50303,36629,3265,152,3348,0,2113,4796,50303,40386,9917,35854,17899,106,0,267,173,235,74,214,86,2786,544,2837,1088,6255,41091,31637,31604,30008,1596,33,9454,106726.0,57271.0,21224,10336,32546,6513,21385,18305,2786,811,3010,7652,76.99,5.05,72.82,6.49,6.66,19.71
76052,27171,674,1055,1396,800,221,180,883,1026,1105,1086,925,915,900,267,517,181,217,257,142,145,13,1199,984,1165,812,406,408,1254,725,1743,641,820,973,1229,126,323,172,174,554,38,82,10,27171,19704,2986,142,363,0,510,3466,27171,22603,4568,17443,8579,209,0,1,7,13,118,43,158,1526,809,1274,663,2599,20239,15205,15082,14712,370,123,5034,135348.0,48446.0,8811,8085,16673,1985,12096,8989,1526,810,1281,3393,75.13,2.45,72.52,10.99,1.34,16.81
76053,31396,1319,1442,1176,715,243,615,1056,1022,1048,1198,905,721,988,521,348,188,282,577,268,173,188,861,1112,1205,762,345,648,1053,929,1429,896,1145,862,784,379,577,372,502,622,396,200,544,31396,19844,3912,186,1359,84,1890,4121,31396,22349,9047,20173,9483,167,42,99,153,366,219,104,189,2459,521,2008,430,1998,23755,16175,16126,15602,524,49,7580,59985.0,29856.0,11655,8592,17712,4312,12264,9943,2501,620,2161,3013,68.09,3.25,63.21,12.46,4.33,28.82
76054,11886,383,189,471,319,160,248,149,368,433,505,409,298,390,273,262,162,122,349,217,145,148,184,202,408,180,93,203,363,350,415,327,325,409,506,196,268,150,223,337,336,157,117,11886,9105,525,337,887,0,143,889,11886,10322,1564,8709,4230,57,3,0,0,40,16,11,0,557,162,716,524,1452,9861,6688,6688,6486,202,0,3173,104748.0,49402.0,4660,2336,6950,2463,4351,4298,560,162,716,2032,67.82,3.02,76.6,4.42,7.46,13.16
76058,21082,466,511,850,576,360,560,693,872,488,626,615,666,623,294,458,249,250,285,187,73,49,542,1042,973,583,294,525,642,561,854,622,584,484,879,209,406,175,287,518,306,109,55,21082,18339,177,76,24,30,1264,1172,21082,16438,4644,13119,6428,78,15,161,111,177,207,316,242,2166,499,1063,475,528,16263,10444,10334,9986,348,110,5819,66777.0,28382.0,7083,5543,12315,2543,7707,7064,2181,660,1174,1387,64.22,3.37,86.99,0.84,0.11,22.03
76059,5224,161,220,257,48,178,54,159,223,116,176,132,117,156,23,42,5,17,78,24,67,16,168,224,134,79,91,435,123,191,86,158,221,82,126,7,55,13,72,71,262,53,50,5224,4359,125,24,201,0,194,321,5224,3395,1829,2921,1351,0,0,0,26,69,46,32,30,443,49,269,77,200,3981,2488,2445,2349,96,43,1493,49703.0,20311.0,1697,1291,2951,728,1784,1413,443,49,295,392,62.5,3.93,83.44,2.39,3.85,35.01
76060,8552,288,307,330,62,195,191,438,208,282,278,319,379,285,119,198,120,117,220,178,21,38,143,212,323,183,36,84,309,104,208,271,435,265,274,144,157,182,87,193,179,30,94,8552,5798,1175,0,499,0,489,591,8552,6997,1555,6132,3200,83,13,52,56,173,188,57,39,717,150,563,268,657,6902,4850,4850,4623,227,0,2052,112931.0,44244.0,2829,1848,5179,1459,3496,3379,730,202,619,1286,70.27,4.68,67.8,13.74,5.83,18.18
76061,59,0,0,0,0,0,0,0,0,0,0,0,0,0,0,29,0,0,0,0,0,0,0,0,0,0,0,0,0,0,0,0,0,0,0,30,0,0,0,0,0,0,0,59,59,0,0,0,0,0,0,59,59,0,59,29,0,0,0,0,0,0,0,0,0,0,29,0,0,59,59,59,59,0,0,0,,,29,0,59,0,0,29,0,0,29,0,100.0,0.0,100.0,0.0,0.0,0.0
76063,80101,1793,2892,4230,2320,1202,1519,2208,2076,2055,3353,3181,2490,2547,684,1546,711,1023,1003,862,397,528,1895,3062,3908,2275,1446,954,1644,2483,2533,3699,3500,2999,2603,765,1279,605,837,1209,1209,506,406,80101,49168,17125,236,3403,39,3406,6724,80101,66174,13927,50941,24664,236,228,120,202,189,354,355,380,4831,1519,4576,2312,5938,61203,42383,42230,40686,1544,153,18820,110303.0,43685.0,25817,22375,46766,9296,32221,25635,5059,1639,4778,8793,69.25,3.66,61.38,21.38,4.25,17.39
76064,1952,62,49,107,15,6,36,83,30,38,24,50,54,101,2,138,15,65,73,34,0,18,33,60,47,10,10,45,83,41,46,39,121,84,10,0,101,65,36,15,68,8,0,1952,1410,1,18,0,0,93,430,1952,1323,629,1442,725,0,5,128,4,0,0,0,12,225,119,94,2,63,1576,1053,1036,965,71,17,523,78523.0,34959.0,701,383,1142,397,693,737,230,247,98,65,66.81,6.85,72.23,0.05,0.0,32.22
76065,42415,1329,1710,2100,859,752,600,996,1515,1464,1339,1545,1700,1267,435,671,377,395,609,396,179,155,1389,1618,1869,1069,484,743,1023,1496,1507,1697,1706,1340,1245,426,555,669,521,562,611,305,330,42415,32843,3926,146,201,0,1218,4081,42415,34667,7748,27036,13043,76,16,155,146,14,138,88,207,3090,1208,2422,967,3211,31752,22758,22722,22058,664,36,8994,121063.0,47391.0,14017,11943,24506,5109,17328,13414,3106,1363,2568,4330,71.67,2.92,77.43,9.26,0.47,18.27
76066,4923,31,78,674,163,21,67,46,84,103,217,135,21,209,94,58,49,23,76,179,106,11,38,339,157,250,139,54,66,199,20,360,121,138,106,15,85,20,169,140,42,4,16,4923,3845,0,8,9,0,31,1030,4923,3958,965,2912,1411,35,0,6,6,145,30,2,0,408,107,110,45,233,3289,1898,1896,1728,168,2,1391,98145.0,33893.0,1496,1730,2358,835,1510,1448,408,113,116,453,57.71,8.86,78.1,0.0,0.18,19.6
76070,766,116,39,0,0,0,133,29,0,30,0,78,0,25,0,30,0,0,0,13,0,0,0,36,0,0,0,0,120,0,19,52,0,14,0,0,26,0,0,0,6,0,0,766,766,0,0,0,0,0,0,766,766,0,442,205,0,0,0,0,0,0,0,0,89,0,78,25,0,575,513,513,513,0,0,62,130630.0,43453.0,287,191,556,19,342,205,89,0,78,25,89.22,0.0,100.0,0.0,0.0,0.0
76071,4610,145,126,250,189,190,61,195,75,151,169,209,59,149,122,64,56,26,46,23,30,5,157,139,229,80,37,110,138,150,127,266,88,205,166,55,70,22,18,47,5,10,26,4610,3840,191,41,24,0,129,385,4610,3753,857,2772,1379,52,4,23,0,48,16,13,23,676,82,180,128,104,3486,2371,2371,2095,276,0,1115,94318.0,36489.0,1442,1315,2856,314,1832,1467,680,105,180,296,68.01,11.64,83.3,4.14,0.52,18.59
76073,6948,202,213,137,240,47,25,245,176,119,304,365,207,350,99,141,24,217,228,102,6,32,86,152,309,233,69,90,168,142,239,278,225,155,285,114,193,64,102,257,93,71,44,6948,6412,39,56,4,0,51,386,6948,6087,861,5045,2615,10,33,26,127,22,115,37,99,1009,156,201,243,418,5741,3913,3913,3777,136,0,1828,107759.0,39943.0,2444,1572,4036,1240,2623,2761,1042,182,328,798,68.16,3.48,92.29,0.56,0.06,12.39
76077,748,43,41,41,51,34,11,54,14,0,0,0,47,31,62,0,0,0,0,0,26,0,0,0,77,34,17,0,0,0,41,47,0,16,0,0,14,0,0,0,14,0,11,748,678,59,0,0,0,0,11,748,726,22,377,234,0,0,0,0,0,0,7,0,59,43,71,0,0,495,158,158,158,0,0,337,,24245.0,160,287,388,51,219,241,59,43,71,0,31.92,0.0,90.64,7.89,0.0,2.94
76078,9696,455,369,268,147,159,136,177,466,301,269,249,339,311,120,192,73,93,156,82,136,32,267,472,396,242,80,115,305,388,177,324,263,436,380,79,249,59,122,168,56,92,95,9696,7536,108,415,37,8,796,796,9696,7327,2369,6189,2996,54,0,26,25,38,49,13,89,1099,274,506,364,390,7363,4988,4988,4805,183,0,2375,89794.0,33768.0,3143,2616,5515,1164,3694,3152,1099,300,531,841,67.74,3.67,77.72,1.11,0.38,24.43
76082,23489,651,825,791,424,397,265,866,822,506,1098,988,756,556,109,365,405,281,331,354,131,80,830,650,974,588,210,553,902,717,857,857,755,700,670,469,331,267,421,520,346,296,80,23489,20636,145,57,141,5,466,2039,23489,19998,3491,15836,7648,86,45,20,96,123,231,144,158,2846,994,1264,715,683,18334,11978,11903,11296,607,75,6356,84506.0,35204.0,7651,5733,13749,3512,9824,8036,2891,1014,1360,1752,65.33,5.1,87.85,0.62,0.6,14.86
76084,12058,714,359,390,175,148,399,442,788,687,354,313,372,277,158,301,122,107,110,137,157,0,376,482,382,329,83,98,388,557,363,364,240,292,343,43,324,75,120,145,63,113,26,12058,7984,1144,28,360,0,759,1783,12058,9025,3033,7781,4325,91,59,34,43,129,119,145,55,1898,316,800,98,305,9310,5549,5537,5324,213,12,3761,85748.0,28337.0,3431,3207,7334,1175,5160,4616,1957,350,843,651,59.6,3.85,66.21,9.49,2.99,25.15
76085,11695,236,497,287,277,178,174,359,321,475,411,284,328,413,298,228,275,249,346,180,82,9,252,215,449,168,96,170,261,370,406,263,375,272,473,266,372,101,299,400,179,95,110,11695,10308,31,62,89,56,214,935,11695,10463,1232,8500,4258,0,12,0,27,17,222,216,123,1353,394,565,469,595,9709,6026,5956,5793,163,70,3683,91128.0,35151.0,3834,2381,6793,2325,4125,4597,1365,394,592,1303,62.07,2.74,88.14,0.27,0.76,10.53
76086,21979,943,903,591,448,524,804,864,831,606,508,572,496,882,115,280,296,169,301,486,184,142,394,731,684,402,254,555,559,881,643,715,462,624,509,294,607,91,299,573,333,213,671,21979,18171,873,211,438,6,524,1756,21979,18395,3584,14206,6732,146,135,50,21,140,64,166,155,2037,489,1253,640,1005,17461,11198,11198,10717,481,0,6263,65707.0,33507.0,8423,5096,12585,3758,7761,7199,2172,539,1274,1849,64.13,4.3,82.67,3.97,1.99,16.31
76087,31831,894,1192,1156,758,321,723,852,961,1116,872,901,1117,1211,745,796,331,517,838,322,362,167,1015,837,1127,430,265,432,811,1064,783,931,943,1105,976,512,925,383,498,753,682,314,242,31831,27924,356,132,239,0,479,2701,31831,27652,4179,22030,11108,272,184,14,13,112,62,26,502,2017,663,1252,1618,2924,25242,15706,15649,15037,612,57,9536,101606.0,48936.0,11666,7409,18362,5409,11456,11908,2201,677,1265,4716,62.22,3.91,87.73,1.12,0.75,13.13
76088,14693,447,462,530,198,147,271,493,616,425,543,339,669,519,291,263,142,248,431,153,231,118,288,355,563,394,203,151,292,366,308,395,663,619,579,139,210,218,220,256,245,210,110,14693,13418,6,14,84,0,345,826,14693,12702,1991,10311,5481,131,0,0,43,108,149,14,172,2003,367,895,340,983,11795,7352,7350,6940,410,2,4443,89554.0,42276.0,5215,3237,8501,2582,5728,5798,2003,367,938,1580,62.33,5.58,91.32,0.04,0.57,13.55
76092,31212,928,1341,1806,918,399,238,227,176,697,1103,1563,1515,1280,595,551,313,416,464,345,228,91,736,1052,2129,1201,347,204,349,343,1052,1326,1321,1405,1081,402,533,386,352,472,340,227,460,31212,23644,417,28,5305,0,216,1602,31212,28454,2758,19613,9564,0,0,4,0,17,0,0,63,600,196,767,316,4017,22427,13498,13498,13159,339,0,8929,250001.0,111063.0,9431,10111,16707,4094,11077,9627,600,200,767,4350,60.19,2.51,75.75,1.34,17.0,8.84
76093,3485,125,76,100,200,65,23,137,59,40,271,338,37,157,110,27,0,55,57,5,14,0,41,58,186,80,27,44,89,37,47,86,290,71,59,91,10,11,82,53,55,113,12,3485,3246,0,7,0,0,35,197,3485,2936,549,2413,1307,23,75,0,28,201,3,6,9,354,67,287,36,128,2691,1736,1736,1477,259,0,955,52832.0,26441.0,1269,866,2115,457,1502,1345,429,67,315,368,64.51,14.92,93.14,0.0,0.0,15.75
76102,11645,71,83,72,88,207,674,1069,834,522,486,573,386,421,159,85,167,165,124,75,71,115,59,114,83,98,14,579,703,519,322,420,386,466,303,122,195,85,64,74,63,113,169,11645,7490,2355,81,261,0,507,951,11645,8960,2685,9256,5252,46,98,36,148,263,180,185,129,1335,237,654,261,958,11121,4735,4735,4601,134,0,6386,81074.0,43613.0,4303,668,9445,1285,6686,5612,1433,273,802,1662,42.58,2.83,64.32,20.22,2.24,23.06
76103,17285,793,562,589,468,142,501,601,718,602,362,456,669,370,124,247,131,288,180,79,96,29,666,540,583,481,388,582,816,551,622,497,537,356,583,229,192,172,263,191,123,107,104,17285,6639,3345,277,110,0,3289,3625,17285,7674,9611,10295,4952,307,38,356,122,354,16,182,115,1445,231,463,371,611,13355,9092,9092,8179,913,0,4263,56641.0,26281.0,5500,4682,10145,1763,6787,5556,1483,587,585,1352,68.08,10.04,38.41,19.35,0.64,55.6
76104,18914,628,528,520,604,213,432,544,936,739,630,319,404,502,159,234,111,248,258,159,61,154,495,1015,928,441,261,542,955,734,777,681,473,380,449,235,406,149,114,274,284,164,281,18914,7229,5591,110,540,0,3189,2255,18914,10220,8694,11814,5458,189,193,397,271,148,177,182,151,1684,193,772,169,642,14410,8232,8230,7729,501,2,6178,46098.0,25201.0,7386,5159,11005,2257,7572,5980,1877,590,1043,1136,57.13,6.09,38.22,29.56,2.86,45.97
76105,23252,1353,826,1162,531,539,448,806,476,879,762,453,646,809,161,442,151,145,226,111,81,91,716,865,744,574,871,560,714,928,628,704,695,405,504,280,340,109,309,318,150,313,431,23252,4319,7853,298,88,14,7593,3087,23252,9808,13444,13067,6239,670,189,410,289,437,147,470,387,2038,398,427,68,167,17404,10208,10203,9307,896,5,7196,44193.0,17952.0,6865,6771,13050,2435,8096,7766,2227,808,716,819,58.65,8.78,18.57,33.77,0.38,57.82
76106,37777,1353,1596,1728,1057,632,688,1471,1737,1154,942,1189,1289,735,509,392,148,262,259,357,129,108,1422,1627,2294,992,467,560,1720,1353,1324,1161,1254,684,1208,598,234,252,311,535,548,278,120,37777,12004,3376,320,401,0,14458,7218,37777,7698,30079,22261,10681,904,287,1039,534,962,761,452,415,3214,564,664,336,393,27134,18465,18460,17169,1291,5,8669,51972.0,19052.0,10814,12069,21301,3307,15278,12452,3501,1603,1198,2452,68.05,6.99,31.78,8.94,1.06,79.62
76107,29629,901,363,775,438,322,775,1605,1278,1518,884,823,805,985,419,416,289,301,599,545,226,205,556,406,646,324,200,1352,2183,1010,1023,752,699,834,957,315,776,301,655,722,506,328,317,29629,20879,4082,100,1062,0,1573,1933,29629,23144,6485,22276,10898,121,30,67,227,52,167,338,253,1592,392,976,693,3796,25856,17612,17563,17050,513,49,8244,77277.0,67218.0,15194,4409,19931,4994,13414,11610,1622,459,1203,4708,68.12,2.92,70.47,13.78,3.58,21.89
76108,44930,1637,1795,1744,784,500,711,1297,1489,2289,1313,1353,1398,1156,494,599,540,559,765,439,240,271,1627,1410,1570,990,939,384,1631,1697,2082,1504,1176,1723,1217,547,699,846,617,1013,568,258,189,44930,30817,2938,482,882,0,3826,5985,44930,31951,12979,29969,14202,95,331,118,104,127,109,194,369,4359,1447,2062,1242,2543,34663,22085,22045,21118,927,40,12578,73183.0,36337.0,16385,11557,26198,6305,18952,14860,4690,1565,2166,4021,63.71,4.21,68.59,6.54,1.96,28.89
76109,25658,410,771,832,357,630,551,1220,725,765,735,362,426,674,324,431,192,426,492,232,167,180,823,770,754,523,1077,658,1028,1004,946,516,481,738,863,277,373,299,393,470,378,222,307,25658,20537,1306,59,1664,0,676,1416,25658,23021,2637,15646,7351,0,12,32,12,17,0,0,74,407,215,665,370,3207,21041,13499,13487,12999,488,12,7542,99102.0,66306.0,9878,5240,14804,3758,8946,7425,419,247,677,3594,64.16,3.62,80.04,5.09,6.49,10.28
76110,33640,1137,1288,1305,523,513,1073,1450,1408,1151,1400,1039,794,743,549,445,171,451,469,384,136,111,1171,1051,1634,722,678,608,997,1197,1307,1178,1001,664,1072,382,488,280,192,456,395,48,108,33640,19406,539,232,401,0,7468,5594,33640,12135,21505,20466,10701,621,300,802,488,732,429,309,333,1795,334,1349,599,1715,25627,16205,16196,15598,598,9,9422,59933.0,31699.0,11276,8831,20137,3201,13586,11964,2095,1136,1837,3475,63.23,3.69,57.69,1.6,1.19,63.93
76111,21366,437,732,764,562,539,434,820,887,924,868,759,669,999,237,150,321,175,203,168,23,10,534,787,970,389,446,614,589,653,683,777,594,820,903,179,248,130,195,259,204,85,67,21366,11374,806,234,645,19,5052,3236,21366,6548,14818,13599,7213,215,162,263,572,250,372,198,190,2905,227,632,319,696,16770,11210,11199,10640,559,11,5560,54884.0,25387.0,7673,5175,13792,1840,9043,7816,3067,490,1204,1637,66.85,4.99,53.23,3.77,3.02,69.35
76112,44116,1621,1869,1358,1325,508,888,1737,1637,1295,1220,1238,1453,972,619,695,469,614,625,424,115,153,1690,1524,1711,1115,549,911,2141,1823,1357,1383,1550,1288,1407,531,672,399,300,667,373,367,432,44116,13058,18590,418,1220,32,4808,5990,44116,30301,13815,27956,13266,268,131,187,168,596,233,270,380,4241,1006,1960,947,2012,33439,22755,22707,21029,1678,48,10684,53335.0,28448.0,17111,12213,25874,4938,18122,14184,4372,1193,2128,3788,68.05,7.39,29.6,42.14,2.77,31.32
76114,27297,1155,750,1224,507,421,913,1351,712,1113,742,843,774,577,458,583,140,214,395,176,135,268,937,820,580,692,349,634,1044,968,947,872,1081,726,550,349,578,325,358,295,425,390,236,27297,17536,515,304,183,0,4623,4136,27297,11177,16120,17625,8481,420,14,181,353,405,465,190,228,2936,581,1055,443,828,21578,13316,13164,12581,583,152,8262,63454.0,28823.0,9635,6665,16585,3357,11173,9319,2950,762,1408,2141,61.71,4.43,64.24,1.89,0.67,59.05
76115,21355,909,1081,1001,712,406,429,900,762,617,928,553,634,477,122,137,115,135,186,207,43,83,888,938,1235,456,360,547,779,946,662,780,591,615,489,124,148,121,175,139,275,65,75,21355,8541,2301,278,1350,35,4139,4711,21355,6140,15215,11883,5899,318,168,544,358,433,260,155,275,1519,186,450,185,495,14882,8997,8997,8441,556,0,5885,45311.0,16683.0,6074,7220,12006,1619,8767,6647,1687,730,808,1373,60.46,6.18,40.0,10.77,6.32,71.25
76116,49232,2201,1242,1645,795,581,901,2426,2346,1716,1050,1363,1269,1289,620,751,356,496,794,524,323,452,2246,1663,1336,625,444,1156,2169,1957,1788,1208,1388,1234,1790,783,659,578,463,956,688,466,858,49232,31003,9612,77,878,0,2909,4753,49232,35917,13315,32760,15775,431,67,200,208,257,252,162,360,3995,1100,2784,899,3231,38434,25241,25087,23680,1407,154,13193,50982.0,37423.0,22150,11753,28888,6954,19914,16728,4062,1300,2992,4639,65.67,5.61,62.97,19.52,1.78,27.05
76117,32692,658,1018,1270,779,415,862,1829,897,1675,1010,1049,1025,955,254,573,407,275,548,209,160,457,1591,1026,1568,671,276,656,1103,1137,1169,1298,778,703,795,277,304,235,524,502,377,279,311,32692,17149,2291,194,2696,222,6442,3698,32692,17601,15091,21115,11323,361,73,711,615,424,716,207,245,4655,523,1068,677,836,24987,16010,15959,15433,526,51,8977,49782.0,24752.0,11679,8581,19040,4284,13673,12136,4728,1234,1683,2653,64.07,3.3,52.46,7.01,8.25,46.16
76118,16822,575,527,498,185,279,397,666,524,589,324,525,555,838,156,173,165,163,247,54,144,42,536,538,375,299,134,292,920,456,527,631,512,635,953,218,449,529,170,219,65,149,177,16822,11468,1382,40,1119,235,1711,867,16822,13182,3640,11775,5165,86,0,9,58,57,206,62,98,1375,450,749,441,997,13628,9624,9599,9248,351,25,4004,89394.0,41312.0,5849,3533,10753,2124,6864,5411,1375,459,807,1701,70.62,3.66,68.17,8.22,6.65,21.64
76119,51401,1876,2910,2077,1114,908,945,1482,2371,2199,1299,1477,1640,1182,480,585,328,663,624,465,226,160,1729,2351,2146,1449,713,920,1852,2227,1317,1611,1253,1579,1419,435,442,447,596,975,676,425,354,51401,13171,19790,325,1096,91,7191,9737,51401,26092,25309,30789,15181,839,359,635,1176,860,582,712,541,5175,1162,1557,730,562,37360,21657,21657,19830,1827,0,15703,44605.0,17713.0,14805,15652,28336,5939,20307,17273,5534,1797,2733,2734,57.97,8.44,25.62,38.5,2.13,49.24
76120,19842,780,527,713,469,313,659,807,436,801,616,892,467,705,185,244,162,186,173,103,45,140,888,626,665,315,139,384,1002,887,874,711,633,827,553,247,259,154,215,199,227,59,56,19842,6755,9147,16,707,0,1568,1649,19842,15585,4257,12865,5962,57,13,117,13,89,20,28,61,1642,425,1107,466,1472,15373,11704,11704,11281,423,0,3669,70129.0,36763.0,7807,4983,12641,1719,8953,6108,1655,542,1120,2047,76.13,3.61,34.04,46.1,3.56,21.45
76123,40973,1271,1747,1820,1379,723,463,1481,1246,1176,1079,1574,1499,1279,354,581,346,495,338,334,133,43,1143,1923,1698,936,430,795,989,1930,1787,1349,1840,1132,1223,317,471,315,547,775,416,76,126,40973,15125,16295,173,2892,136,1124,5228,40973,30097,10876,25251,11958,246,49,334,15,282,54,124,402,3367,779,1725,958,2405,30647,22196,22170,20357,1813,26,8451,91180.0,35391.0,12777,11917,23718,3944,17082,12730,3416,1113,1740,3699,72.42,8.18,36.91,39.77,7.06,26.54
76126,25480,883,845,955,658,352,400,878,564,1003,793,1065,692,898,219,410,261,330,494,330,231,181,719,1116,1006,437,102,386,801,675,1091,748,865,824,725,295,550,422,279,721,415,241,203,25480,19828,595,23,393,0,425,4216,25480,20109,5371,17204,8349,81,1,167,28,20,66,43,100,1374,602,1438,567,2384,19651,12781,12754,12294,460,27,6870,106467.0,52073.0,9159,6619,14336,4108,9999,8573,1375,769,1466,3037,65.04,3.61,77.82,2.34,1.54,21.08
76127,1657,0,0,7,7,41,146,56,0,0,7,14,0,0,0,0,0,0,0,0,0,0,0,0,0,9,8,82,147,195,199,156,168,142,66,12,66,8,0,0,12,8,0,1657,1349,125,43,14,7,53,66,1657,1168,489,1256,77,0,0,0,0,0,0,0,0,0,6,56,7,0,1634,390,97,97,0,293,1244,103971.0,13462.0,44,23,1505,28,1084,77,0,6,56,7,23.87,0.0,81.41,7.54,0.84,29.51
76129,1724,0,0,0,0,304,94,7,0,0,0,0,0,0,0,0,0,0,0,0,0,0,0,0,0,11,705,139,14,5,0,0,0,0,0,0,0,0,0,0,0,0,0,1724,1149,297,5,135,0,30,108,1724,1536,188,26,7,0,0,0,0,0,0,0,0,0,0,7,0,0,1724,545,545,375,170,0,1179,,9848.0,0,11,1268,0,26,7,0,0,7,0,31.61,31.19,66.65,17.23,7.83,10.9
76131,50572,3039,1620,2482,896,512,846,1674,2532,2059,2273,1801,1901,977,570,464,281,100,428,562,85,91,1829,2253,1658,979,522,736,2028,2502,2150,2548,1374,1039,946,514,402,597,410,839,543,338,107,50572,28086,7831,335,5227,209,4112,4772,50572,37354,13218,32135,15798,120,90,75,170,128,196,220,349,3430,1142,2270,1418,4159,37115,26870,26665,25747,918,205,10245,101087.0,38742.0,16817,14756,30370,4381,23881,16487,3520,1217,2440,5901,72.4,3.44,55.54,15.48,10.34,26.14
76132,26709,923,534,754,440,200,937,967,857,898,758,709,561,833,284,312,248,338,620,357,225,296,984,922,506,293,187,929,1571,1286,527,602,664,1117,675,406,368,354,369,726,370,373,720,26709,16499,4723,245,2095,34,338,2775,26709,21781,4928,18391,8263,80,0,5,21,0,3,92,78,2160,151,868,492,2260,22002,14528,14523,14052,471,5,7474,68284.0,52007.0,12405,5356,15648,4996,10517,8513,2160,156,889,2755,66.03,3.24,61.77,17.68,7.84,18.45
76133,54241,2648,2629,1956,1021,391,826,2148,1952,1644,1419,1255,1187,2100,648,729,489,554,772,507,352,337,1845,1705,2111,1237,497,1248,2362,1936,1817,1698,1188,1423,2112,739,818,781,875,940,752,552,547,54241,29144,11836,439,1773,92,2417,8540,54241,33702,20539,34633,16093,104,124,487,279,307,231,317,430,4519,694,2945,1288,2464,40738,26468,26432,25206,1226,36,14270,69506.0,32046.0,19147,15152,30137,7458,20029,16944,4643,1181,3224,4290,64.97,4.64,53.73,21.82,3.27,37.87
76134,29211,1039,1333,898,787,160,709,1070,1447,744,968,837,759,682,369,523,195,146,482,246,178,114,955,760,969,776,298,1212,1195,895,958,949,1107,770,824,224,410,278,250,731,280,276,225,29211,11846,9071,106,1326,0,1639,5223,29211,16629,12582,18132,8760,507,32,284,63,247,104,185,209,3092,495,1123,601,1233,22669,15603,15533,13951,1582,70,7066,65516.0,29115.0,9983,7517,17110,3401,11699,9661,3124,779,1186,2185,68.83,10.18,40.55,31.05,4.54,43.07
76135,18648,607,420,689,318,300,477,782,472,758,436,588,463,743,337,448,177,329,399,109,155,64,416,436,495,274,250,420,651,507,492,537,652,520,780,262,364,180,532,463,245,177,235,18648,14360,948,61,94,0,1101,2084,18648,13285,5363,12857,6260,101,0,46,130,105,88,189,89,2180,549,1073,519,706,15409,10049,10038,9355,683,11,5360,69525.0,42940.0,7724,3655,11239,3065,6858,6639,2180,595,1203,1418,65.22,6.8,77.01,5.08,0.5,28.76
76137,58970,2138,1779,1542,1031,663,1185,2109,2718,2359,1886,1911,2157,2036,1021,443,438,559,639,389,130,93,1794,2569,1969,1011,1021,1705,2631,2676,2238,1722,1980,2150,2075,850,646,557,461,992,622,88,122,58970,33432,7398,484,6511,35,5608,5502,58970,44280,14690,38698,18888,244,0,185,201,73,313,129,305,4900,1092,3743,1663,4316,46673,34997,34925,33623,1302,72,11676,86733.0,38491.0,21937,13833,38182,5090,26537,19566,4900,1277,3944,6365,74.98,3.73,56.69,12.55,11.04,24.91
76140,31882,737,1185,1350,1132,585,678,1000,911,1399,1183,791,770,599,400,372,156,571,331,340,101,89,1291,1226,1624,1004,431,660,1149,1199,1047,1314,707,1528,1025,291,409,255,263,480,236,223,158,31882,12446,10746,25,600,101,4535,3429,31882,19560,12322,19297,9013,554,174,192,123,260,131,258,297,3027,436,1488,546,1195,23960,16225,16124,14934,1190,101,7735,70933.0,26323.0,10064,9549,18448,3203,12998,10122,3201,628,1611,2132,67.72,7.38,39.04,33.71,1.88,38.65
76148,24080,757,701,729,531,367,535,932,915,941,878,542,949,910,293,395,299,475,373,187,142,63,563,1013,729,544,164,273,950,799,704,701,782,718,915,379,457,216,609,410,340,108,160,24080,16802,1393,471,1425,40,1111,2838,24080,17143,6937,16542,8294,25,0,123,72,96,183,117,191,3167,770,1263,505,1472,19236,13599,13582,12845,737,17,5637,88121.0,32941.0,8071,5567,14499,3382,9811,8627,3167,893,1335,2256,70.7,5.43,69.78,5.78,5.92,28.81
76155,6295,145,267,42,39,25,87,533,461,736,153,102,86,99,32,34,0,7,24,0,0,0,162,174,242,110,20,100,690,543,346,257,333,93,112,24,27,10,0,0,4,0,0,6295,2133,2646,13,761,28,175,539,6295,4723,1572,4706,2267,28,0,0,45,22,0,24,15,272,226,433,126,666,5263,4649,4649,4626,23,0,614,59653.0,41439.0,3457,1181,4893,45,4333,2334,272,226,478,814,88.33,0.49,33.88,42.03,12.09,24.97
76164,13853,319,500,481,316,240,262,503,417,500,491,489,576,541,230,288,107,147,330,37,56,26,361,408,389,553,315,342,271,781,310,362,322,503,373,180,207,103,206,219,234,62,79,13853,5213,242,97,9,0,5778,2514,13853,1048,12805,8950,4738,458,249,551,205,277,220,348,148,1340,161,209,329,176,11100,6769,6769,6387,382,0,4331,52691.0,19059.0,4422,3327,8503,1606,5525,5692,1589,712,414,1002,60.98,5.64,37.63,1.75,0.06,92.43
76177,21967,732,759,421,130,198,508,1120,870,1045,869,882,669,577,53,351,119,141,164,103,47,39,756,947,743,189,399,1118,882,902,1270,1158,403,568,654,118,235,219,404,138,68,147,102,21967,13494,2525,193,1805,0,2220,1730,21967,17473,4494,14317,7049,94,0,0,0,11,0,0,6,1299,500,1301,617,2290,17378,13868,13868,12924,944,0,3510,102719.0,46989.0,8720,4677,14849,1691,10638,7149,1299,500,1301,2918,79.8,6.81,61.43,11.49,8.22,20.46
76179,74074,3219,3301,3693,1138,752,1171,1696,3635,3286,3283,1889,2690,2055,757,1173,465,674,1108,318,188,204,3058,2840,2726,2166,753,836,1924,3817,3355,2713,2495,2157,2541,668,839,726,455,938,516,330,116,74074,50107,7065,123,2375,51,5909,8444,74074,51146,22928,47011,23421,271,20,107,446,276,203,287,321,6937,1309,3600,2656,4788,53822,39189,38963,37571,1392,226,14633,106288.0,40060.0,24505,22141,44485,6038,32940,24300,6957,1416,4046,7923,72.81,3.57,67.64,9.54,3.21,30.95
76180,37271,661,809,1441,755,681,708,1468,1473,1182,1098,1157,875,1024,385,651,353,539,690,426,198,358,1241,1016,1448,528,367,885,1547,1304,1429,1258,1363,765,1072,741,432,506,749,702,783,422,603,37271,25836,3237,460,1417,17,2124,4180,37271,28840,8431,25553,11877,281,55,55,74,9,149,179,215,2648,942,2361,1112,2588,30137,21118,21017,20237,780,101,9019,76416.0,38121.0,14943,7899,21865,6329,14919,12552,2703,997,2435,3858,70.07,3.71,69.32,8.69,3.8,22.62
76182,30509,1084,1007,1082,892,324,538,430,974,859,816,893,1155,1297,534,713,439,469,603,364,236,141,914,808,959,650,238,326,630,1215,1074,845,1055,1109,1396,366,883,617,422,869,456,236,200,30509,24529,1212,260,1055,1,663,2789,30509,25752,4757,21296,9923,54,0,10,59,155,6,49,131,1796,786,1840,893,2764,24226,16475,16466,16064,402,9,7751,110669.0,53988.0,11252,7396,17670,5052,11055,10157,1796,796,1899,3818,68.01,2.44,80.4,3.97,3.46,15.59
76201,28345,201,428,442,138,1521,2319,2065,1228,941,406,388,307,569,209,183,69,114,206,144,34,110,334,237,383,197,2601,1892,1426,727,586,419,365,190,380,106,277,203,171,255,94,150,384,28345,19146,3763,116,1770,0,1283,2267,28345,23293,5052,12706,6973,44,59,109,56,149,57,78,66,1020,552,1289,654,1920,26280,18018,18018,16793,1225,0,8262,37703.0,23412.0,11217,2360,19105,1934,9048,7161,1079,661,1345,2780,68.56,6.8,67.55,13.28,6.24,17.82
76203,1026,0,0,0,146,203,0,0,0,0,0,0,0,0,0,0,0,0,0,0,0,0,0,0,0,268,243,0,0,0,0,0,0,0,0,0,0,0,0,0,0,0,0,1026,385,278,0,212,0,71,80,1026,866,160,0,0,0,0,0,0,0,0,0,0,0,0,0,0,0,1026,352,352,330,22,0,674,,3563.0,0,414,446,0,0,0,0,0,0,0,34.31,6.25,37.52,27.1,20.66,15.59
76205,20734,601,345,349,325,312,1078,1886,1165,627,413,634,748,264,76,205,88,238,306,148,88,56,288,199,630,202,579,1165,1237,639,279,547,473,512,659,88,452,139,235,183,382,117,90,20734,13221,3077,84,677,12,915,2748,20734,15098,5636,12974,6942,271,0,143,27,182,29,63,68,1355,489,1245,233,2127,18178,12718,12718,11974,744,0,5460,60196.0,32231.0,7698,2939,14038,2070,9160,7344,1355,632,1272,2571,69.96,5.85,63.76,14.84,3.27,27.18
76207,16685,374,473,423,201,138,499,775,746,627,405,266,109,402,78,333,115,405,680,633,282,134,310,446,361,196,123,471,574,380,498,438,490,256,339,164,456,257,327,813,328,447,141,16685,12266,1149,384,221,0,1026,1639,16685,12973,3712,11898,5990,213,47,0,81,81,42,25,41,1013,177,1036,503,1591,14092,8242,8242,7942,300,0,5850,88152.0,42300.0,6578,2784,8567,4562,5564,6269,1060,177,1117,2217,58.49,3.64,73.52,6.89,1.32,22.25
76208,27364,1022,1140,954,692,434,637,702,1422,755,826,1099,637,945,286,417,152,312,274,165,216,162,921,1602,848,650,328,439,1234,739,961,1087,1153,1046,758,183,276,165,303,360,267,182,330,27364,18618,2732,621,861,0,1516,3016,27364,19212,8152,17414,8370,240,0,184,19,119,63,90,158,1572,645,1628,696,1791,20494,13785,13785,13294,491,0,6709,100314.0,39721.0,8373,7829,16364,2888,11661,8858,1572,829,1647,2669,67.26,3.56,68.04,9.98,3.15,29.79
76209,27538,1208,842,901,403,394,1324,856,1296,1053,673,559,743,578,321,239,262,265,446,128,93,307,766,554,789,426,964,817,1871,1233,752,719,632,602,851,324,605,210,348,306,259,226,199,27538,19079,3066,111,454,16,1999,2813,27538,19156,8382,16956,7819,303,17,127,78,146,29,185,162,1645,914,1252,301,1393,22244,15593,15593,14891,702,0,6651,69090.0,32204.0,10591,5889,17406,3049,10989,8469,1662,1041,1330,1869,70.1,4.5,69.28,11.13,1.65,30.44
76210,44990,975,1664,1583,1332,714,1102,1477,1532,1548,1852,1927,1619,1285,464,723,414,516,878,637,191,225,1062,942,1257,1019,791,955,1404,1647,1894,1117,1952,1373,1536,719,752,212,755,856,462,344,360,44990,31855,4174,87,1359,14,1617,5884,44990,36316,8674,30671,15288,86,279,99,99,26,172,112,169,2986,1181,2193,1564,4119,36988,25525,25508,24734,774,17,11463,102036.0,47231.0,16099,9834,28383,5850,19342,15655,3265,1280,2292,5881,69.01,3.03,70.8,9.28,3.02,19.28
76225,3093,105,66,79,23,52,35,88,126,40,304,32,108,177,39,101,37,29,53,60,8,4,78,42,40,65,18,55,65,85,65,191,119,82,158,30,39,29,114,67,58,7,10,3093,2992,6,17,0,0,12,66,3093,2939,154,2325,1206,14,2,0,0,2,18,64,32,365,134,324,10,185,2664,1862,1862,1767,95,0,802,75750.0,41983.0,1255,498,2009,476,1305,1316,367,134,324,215,69.89,5.1,96.73,0.19,0.0,4.98
76226,37413,1133,1397,1356,882,311,529,557,871,1304,1508,1353,2035,1713,370,443,237,411,745,213,240,137,1295,1612,1851,1060,118,221,472,1184,1659,1312,1630,1849,1674,350,408,343,406,756,517,96,136,37413,31294,1191,44,1782,0,422,2680,37413,33961,3452,24929,12137,34,0,45,95,0,8,51,23,1154,379,1381,863,5456,28005,18633,18633,18083,550,0,9372,165428.0,69815.0,12723,10586,21871,4237,15734,12245,1154,424,1476,6327,66.53,2.95,83.64,3.18,4.76,9.23
76227,49155,1808,2284,1933,1034,255,689,1538,1970,2469,2241,1722,1628,1074,383,456,348,578,486,284,215,108,1752,2241,1903,897,606,581,1850,2260,2196,2026,1924,1766,1136,300,671,350,936,895,392,188,101,49155,33440,7794,132,1124,5,1265,5395,49155,41402,7753,32491,15500,81,0,21,120,68,34,61,209,3132,1462,2439,1216,4709,36360,27757,27647,26382,1265,110,8603,106113.0,45508.0,17982,13852,29741,4881,23590,15851,3132,1483,2559,6027,76.34,4.58,68.03,15.86,2.29,15.77
76234,20110,510,635,700,634,151,432,373,650,628,739,580,964,635,146,278,170,236,502,144,137,105,591,587,923,491,296,549,572,601,715,727,487,742,607,309,293,335,331,386,327,271,178,20110,16362,230,195,111,37,1581,1594,20110,14413,5697,13168,6287,152,296,53,29,70,27,71,29,1647,648,1236,576,957,15851,10328,10328,10065,263,0,5523,85052.0,39461.0,6805,5071,11474,3122,7778,6539,1943,701,1265,1630,65.16,2.55,81.36,1.14,0.55,28.33
76244,75185,3020,2599,3467,2740,890,1622,1775,2311,2659,4000,2966,2981,1651,1028,1307,161,988,541,208,133,34,2242,3322,4014,2228,625,1189,1491,3315,2401,3662,3279,2754,1869,185,1004,359,743,1143,694,88,212,75185,51865,7034,49,6044,116,3703,6374,75185,61425,13760,45942,22743,93,0,51,93,120,83,8,561,5421,1480,3172,1692,7072,54833,40519,40519,38778,1741,0,14314,116568.0,43262.0,24135,23632,44964,5304,33594,23405,5421,1531,3265,8967,73.9,4.3,68.98,9.36,8.04,18.3
76247,16870,545,1129,530,541,90,409,525,499,839,632,541,668,671,226,297,70,208,132,157,66,17,380,735,443,389,90,263,561,764,439,515,619,643,439,101,355,102,147,348,192,34,286,16870,12790,863,63,170,0,767,2217,16870,14027,2843,11093,5548,52,0,0,59,2,60,0,73,1412,649,1029,732,1193,12910,9247,9247,8746,501,0,3663,107405.0,44381.0,5689,4692,10186,1759,7245,5673,1412,649,1088,1987,71.63,5.42,75.82,5.12,1.01,16.85
76248,40130,1001,1505,1817,1214,622,437,564,974,1211,1209,1460,1929,1686,524,762,335,677,721,477,468,162,1056,1563,1263,1468,537,296,535,897,1153,1207,1909,1750,1580,605,761,568,562,604,669,297,525,40130,33729,1165,43,2397,0,538,2258,40130,36017,4113,26781,13159,115,0,0,10,99,35,9,65,1409,488,1333,844,5327,30954,20695,20598,20004,594,97,10259,161383.0,72426.0,14315,10887,22608,6065,14798,13348,1409,488,1343,6305,66.86,2.88,84.05,2.9,5.97,10.25
76249,9572,262,185,535,256,160,105,229,467,380,412,606,206,228,123,126,18,107,126,60,84,0,209,485,380,197,167,123,210,304,512,328,292,147,186,85,154,204,126,215,175,92,43,9572,7934,204,12,81,0,535,806,9572,8330,1242,6245,3172,57,6,0,0,42,0,18,39,737,367,806,199,744,7487,5378,5378,5211,167,0,2109,103375.0,37740.0,3124,2509,5550,1250,4093,3286,743,367,806,985,71.83,3.11,82.89,2.13,0.85,12.98
76258,7559,159,125,179,141,147,272,304,203,98,104,471,285,371,37,90,183,69,96,146,54,20,263,175,186,91,212,247,128,278,166,184,340,329,252,41,31,61,217,198,169,77,191,7559,5900,251,13,10,105,122,1158,7559,5649,1910,5193,2531,63,0,45,45,195,62,139,47,560,110,439,82,466,6298,3871,3871,3678,193,0,2427,81552.0,46515.0,2791,1319,4590,1481,2890,2780,560,155,484,805,61.46,4.99,78.05,3.32,0.13,25.27
76259,5611,154,231,281,191,11,52,140,220,189,208,120,150,157,189,93,46,84,138,84,16,31,167,114,168,103,19,103,367,134,239,103,210,137,220,31,200,80,42,216,17,24,27,5611,5017,100,7,50,3,99,335,5611,4868,743,3912,1865,5,0,17,4,29,191,45,63,528,175,322,73,257,4290,2922,2922,2843,79,0,1368,82041.0,39105.0,2156,1409,3292,805,2217,1978,528,192,326,550,68.11,2.7,89.41,1.78,0.89,13.24
76262,42072,1531,2006,1475,928,432,648,798,1606,1224,1630,2083,1388,1592,403,610,330,465,845,179,148,205,1480,1805,1801,1000,403,499,1492,1460,1473,1756,1600,1497,1367,550,658,502,391,503,262,312,235,42072,30934,1958,79,2929,0,1788,4384,42072,35701,6371,27564,13506,64,194,20,6,0,204,44,86,1559,644,2206,747,4987,31354,22719,22719,21758,961,0,8635,130524.0,66516.0,14948,12026,25169,4377,18007,13700,1753,664,2212,5938,72.46,4.23,73.53,4.65,6.96,15.14
76266,18546,616,700,876,300,126,355,598,512,536,919,500,500,728,610,449,245,211,128,136,149,22,471,386,389,265,355,337,450,506,663,869,472,514,778,637,343,141,244,557,261,259,49,18546,15572,734,98,254,0,445,1443,18546,15014,3532,12986,6243,92,0,65,88,90,127,100,229,2023,485,1069,340,960,14892,10595,10595,10385,210,0,4297,93327.0,45818.0,6801,4003,11757,2402,7039,6664,2023,550,1157,1517,71.15,1.98,83.96,3.96,1.37,19.04
76267,64,0,13,0,0,0,0,0,24,0,0,0,0,0,0,0,0,0,0,0,0,0,13,0,0,0,0,0,14,0,0,0,0,0,0,0,0,0,0,0,0,0,0,64,64,0,0,0,0,0,0,64,40,24,38,24,0,0,0,0,0,0,0,0,24,0,0,0,0,38,38,38,38,0,0,0,,,14,26,38,0,38,24,24,0,0,0,100.0,0.0,100.0,0.0,0.0,37.5
76426,11132,289,448,498,213,110,155,469,434,475,325,616,268,320,163,190,158,166,193,314,81,52,270,352,388,221,121,199,244,170,245,326,526,267,447,201,91,69,189,256,209,114,79,11132,9409,315,192,124,8,648,436,11132,7979,3153,7657,4224,65,84,94,81,31,29,113,204,1383,268,450,375,758,8835,5460,5460,5255,205,0,3375,82346.0,35101.0,3830,2679,6362,1880,4365,4606,1467,362,531,1193,61.8,3.75,84.52,2.83,1.11,28.32
76431,4543,91,245,278,54,40,139,129,96,98,192,49,189,149,116,92,40,163,68,18,90,24,149,143,241,11,63,23,102,224,117,209,73,112,94,51,46,35,51,134,43,23,143,4543,4279,48,0,90,0,72,54,4543,3850,693,2970,1513,34,3,0,13,47,86,100,94,489,211,213,36,144,3349,2064,2064,1894,170,0,1285,70536.0,28998.0,1609,1212,2403,832,1590,1741,492,211,226,313,61.63,8.24,94.19,1.06,1.98,15.25
76439,0,0,0,0,0,0,0,0,0,0,0,0,0,0,0,0,0,0,0,0,0,0,0,0,0,0,0,0,0,0,0,0,0,0,0,0,0,0,0,0,0,0,0,0,0,0,0,0,0,0,0,0,0,0,0,0,0,0,0,0,0,0,0,0,0,0,0,0,0,0,0,0,0,0,0,0,,,0,0,0,0,0,0,0,0,0,0,0.0,0.0,0.0,0.0,0.0,0.0
76462,4669,109,166,389,47,190,35,60,41,146,350,120,130,237,13,71,28,88,93,10,11,29,175,210,306,17,57,82,25,60,196,252,178,112,205,31,59,37,83,61,36,35,33,4669,4410,0,4,9,7,63,176,4669,3603,1066,2830,1427,29,22,1,55,12,11,17,14,429,94,181,165,203,3310,2332,2330,2234,96,2,978,94167.0,37633.0,1478,1419,2650,544,1670,1487,451,95,236,391,70.45,4.12,94.45,0.0,0.19,22.83
76476,3423,83,171,185,63,35,69,72,68,117,117,138,81,129,31,43,35,55,55,39,20,75,150,91,220,47,0,68,85,128,82,194,88,102,83,60,67,62,14,61,25,48,29,3423,3119,28,0,12,0,27,237,3423,3227,196,2203,1075,2,0,0,41,4,0,24,9,547,130,142,55,91,2516,1546,1546,1499,47,0,970,77130.0,30258.0,1056,1010,1857,518,1272,1110,547,130,183,150,61.45,3.04,91.12,0.82,0.35,5.73
76487,2707,194,94,94,20,76,0,21,71,97,115,133,2,173,8,60,7,68,41,113,32,23,70,165,15,63,100,10,58,41,147,103,30,43,79,7,121,0,40,23,54,32,0,2707,2492,23,9,0,0,18,165,2707,2696,11,1742,964,32,0,0,0,15,4,15,16,346,25,269,81,86,2048,1227,1227,1093,134,0,821,75063.0,33809.0,954,715,1495,433,861,1027,346,25,269,186,59.91,10.92,92.06,0.85,0.0,0.41
76490,39,0,0,0,0,0,0,0,0,7,14,0,0,0,0,0,0,0,0,0,0,0,0,0,0,0,18,0,0,0,0,0,0,0,0,0,0,0,0,0,0,0,0,39,39,0,0,0,0,0,0,39,0,39,21,21,0,0,0,0,0,0,0,0,0,7,0,14,0,39,39,39,39,0,0,0,,16374.0,21,0,39,0,21,21,0,7,0,14,100.0,0.0,100.0,0.0,0.0,100.0
76623,197,0,3,6,0,0,3,0,11,6,16,2,11,5,0,6,14,3,0,0,0,0,0,11,28,8,0,0,0,11,7,8,5,6,3,5,5,0,0,5,0,9,0,197,156,0,4,0,0,33,4,197,50,147,138,74,0,0,13,1,0,11,6,3,20,3,9,8,0,149,101,101,101,0,0,48,62917.0,36651.0,63,56,110,31,83,83,20,16,10,19,67.79,0.0,79.19,0.0,0.0,74.62
76651,3902,68,107,248,278,40,57,64,54,93,153,116,85,126,119,104,6,116,80,38,29,5,103,162,139,82,48,55,64,69,150,32,115,119,80,127,44,52,81,154,50,33,30,3902,2764,551,14,9,0,263,301,3902,3077,825,2388,1188,20,18,28,29,25,2,22,24,420,108,191,127,99,3001,1712,1712,1662,50,0,1289,63173.0,30390.0,1401,1187,1914,674,1114,1254,438,136,220,253,57.05,2.92,70.84,14.12,0.23,21.14
76670,1934,68,56,47,48,6,33,89,104,46,69,97,69,91,7,19,68,24,32,10,31,4,77,74,32,64,14,16,53,46,65,21,51,33,103,46,20,49,32,47,6,20,0,1934,1339,266,33,0,0,89,207,1934,1373,561,1352,760,11,2,31,11,19,11,22,10,315,92,141,62,13,1547,949,949,854,95,0,598,57206.0,27236.0,626,466,1098,323,743,803,317,123,152,105,61.34,10.01,69.23,13.75,0.0,29.01
